71899,446044,727180,980423,590572,605714,780105,98293,442816,929977,979551,162963,225241,479893,144376,112257,174215,998455,232958,490418,502692,159653,437460,227063,191569,419148,3708,852161,936772,424190,222750,45229,258520,62905,470196,839466,327784,328160,574637,538225,474750,373153,444085,96393,943605,240091,772576,184010,333404,437244,413319,219225,53318,239050,260196,693944,34791,513015,828053,374527,285233,230648,772579,214900,941715,852456,924274,630534,168747,691890,272413,112347,941702,686372,428801,652793,116366,317808,560572,608909,215182,314351,730679,513559,284217,918672,459432,305811,409044,805219,314550,977351,495461,106010,230547,753485,987753,906049,161336,940971,259810,778642,459095,580866,96850,399412,431892,815649,28495,367483,494578,508448,971228,12824,632078,73978,276139,492826,523834,629600,107360,740980,824842,994585,616221,227872,9414,445266,746952,659331,623541,909596,130731,133012,552097,677317,628537,760278,191628,283887,986750,687910,730208,159533,388190,495638,126219,22408,439159,366825,442123,496097,537738,441793,487664,310565,460277,468835,951489,240661,660918,724186,5532,137873,740356,105182,797222,929052,97126,889751,384641,506817,5331,806030,935951,353956,830033,779428,98284,520381,429838,39846,126054,398136,764599,657342,181567,436322,658872,783138,242246,316240,252246,231754,566192,652671,792379,812908,580860,591556
867286,617518,484144,933800,557829,791450,571500,628747,848817,966403,332278,48218,285115,144818,707465,547247,255726,696086,439343,810803,61385,726986,341516,77588,776910,524669,231471,728361,803941,326574,95657,625847,924807,224132,505980,848523,759787,470921,640232,865797,722263,670749,482344,282851,110205,245026,956962,857478,323147,360147,218184,566201,394211,388532,750385,10273,404200,973653,210341,742543,356327,82319,716726,572270,735159,754070,714279,497908,57991,84513,181879,604759,143562,363733,212026,673926,792132,629303,306225,567051,981251,561495,186731,478219,379335,187698,300017,249046,534219,137839,886485,995611,850617,129258,434940,347658,957699,423753,883897,473610,976085,137887,739816,899505,571549,300120,699242,409568,23305,951251,825873,733132,538532,631358,668029,683896,219074,71991,566202,165593,501438,526729,363201,140909,343370,303218,482438,429372,738003,207617,859622,704136,689817,581863,459214,120479,873221,239812,192573,820186,442148,256287,217426,3328,934089,657696,171450,1874,663704,608955,479684,385076,987047,517766,988910,301771,737536,861977,935371,588002,772253,510456,481081,360322,344332,173043,165006,312839,237833,134126,5249,178231,216594,999040,46246,67930,392801,821108,650927,94097,960900,212638,161240,621549,341836,807632,943040,714738,833935,132310,507778,448575,808820,287930,864606,511860,328752,495609,314339,787424
765196,174165,551853,7343,323266,472917,32294,842789,340253,976755,500510,965361,365825,870662,230863,815028,289187,248406,831693,832572,278133,532936,947107,166171,659024,818316,55083,411667,910942,776549,295654,864026,146605,680987,651390,568785,822610,557684,116732,543138,313868,415269,584221,267674,35883,90732,503313,606197,538086,165775,538805,417647,501591,895381,168858,40189,310469,180612,705786,370461,548462,9974,933183,18908,20255,991687,686390,729890,667611,684358,761251,262412,739440,976464,9849,56639,92831,130466,741605,735894,17382,562171,967573,965157,395006,577465,404959,166632,947402,956555,844589,367992,405935,320605,97942,615187,271600,963015,565882,715039,469330,757807,400625,744685,430346,547555,899926,987006,376283,421189,205707,936956,647721,729938,233701,935572,117977,46383,631899,732404,631676,63287,7205,428339,385366,64572,527999,982495,742779,626346,287213,427229,34977,969367,309969,41876,223484,492294,287537,324118,40173,128130,142552,447101,719913,878090,455255,330037,60778,532761,317976,104352,584882,689025,741933,266047,569621,136233,964548,398162,393101,366692,87939,583737,807880,645495,27656,616903,706066,282794,681290,318257,8307,418480,673635,811378,106787,893606,899786,778484,610571,590212,1716,874735,51398,552192,45521,934952,364733,874230,235520,499673,855231,153509,39463,194353,634045,236016,375461,463045
90228,858318,384869,624038,358430,968300,779522,526112,169537,730717,492790,936288,672122,493422,710956,440801,766765,542519,433965,446003,803975,11548,36779,15682,333441,725138,793969,808762,52078,587832,468037,692325,602840,141606,616827,701387,871328,297063,748820,252971,757903,770205,121190,271246,732114,321804,741957,224964,574243,370598,869746,61976,877675,986044,505586,281321,703558,711989,720815,14428,730461,623102,216027,811362,631463,495521,991521,310422,827514,445567,810649,14768,424121,737459,276903,279536,654469,568071,337484,639816,64423,855066,247833,641,933479,680705,935532,975694,533297,850210,403312,479535,537012,429935,456269,151926,950031,346190,651102,83037,639527,955757,400087,932871,174272,196409,887127,546106,857935,358201,656264,413047,722717,369996,216924,852068,464427,377871,984462,874777,419505,578194,182422,275669,872255,584475,495472,456092,503026,442885,519956,498548,255950,819663,631198,118376,323905,91682,122000,664395,505936,107130,749839,165521,315541,331389,67537,692882,205353,382884,403488,197928,984201,65211,692798,828220,517291,910804,111411,267759,17197,83788,751279,951404,253579,261958,143535,492380,631941,982027,443706,593055,328781,790099,126771,113891,239751,930785,983926,695238,258817,399652,320143,886269,867429,594161,861403,852573,746511,985527,649145,911511,371583,715667,165563,794045,17705,273725,925295,976948
395598,710683,572916,228455,130492,535733,68762,989854,163175,665961,394420,43693,566069,262480,146277,845023,777634,144968,218276,606947,374522,264124,566842,20994,627742,117326,757678,730672,700433,945810,73952,515870,185552,877080,858712,699019,886852,803217,46546,881792,207415,786425,69475,449364,255499,949396,713780,662609,989914,379713,322152,364645,657243,675098,518814,839917,922874,390074,677562,931297,670986,959554,633682,468967,670902,184701,73273,178213,963832,126479,124219,944370,909175,162136,731427,687434,361170,134161,775370,513368,408351,367746,131623,121542,575794,778129,328580,38796,514114,728350,403131,421773,911386,916028,374150,875145,318469,421429,897621,569533,275283,260684,543036,902785,340308,16436,501329,370837,197571,531141,623017,706762,941181,344312,812325,212149,680658,962877,513941,323087,847613,806039,192528,848399,437393,718915,834695,851066,124975,308934,571890,523699,271509,70989,228498,850855,715527,882451,281969,226132,614820,617457,936184,838294,650753,409352,759798,747195,880538,765531,882682,287313,442940,808973,666097,240204,676111,26762,951565,938261,362552,630148,378395,617543,259503,516391,426141,834502,406750,508548,207818,152742,760407,857580,66658,907913,960855,963949,821219,534529,124187,295291,584565,302160,295664,435066,601980,197719,89980,517602,133071,164581,124734,18782,490745,218411,383050,275577,158457,866044
934838,256278,348746,332361,125361,643781,719198,729642,761456,801543,688854,875479,303670,837932,160812,37502,932813,819502,316594,512701,195279,423380,890922,612508,710452,603531,390981,424104,664802,230219,634039,669628,477502,475435,772968,144410,523010,648567,994720,407007,86499,445288,148553,904588,659003,722749,326734,488140,796779,989675,283485,508733,623224,620471,806942,154470,421789,479404,191712,425338,207389,259078,668981,996023,124984,770069,428131,342382,880447,316233,694014,834042,103894,103762,142610,275556,904988,785261,831082,224019,711241,520177,607704,185571,942917,685389,766727,698032,681106,555434,654967,627717,958628,271136,629691,141794,974382,103081,155686,656211,776923,238059,975388,423837,528578,69559,799143,964273,365185,799521,921115,908797,907631,128660,437718,536691,830889,133250,743483,898166,19334,599482,553790,5757,719976,160221,78139,971796,253695,944584,445233,793113,650740,443531,828615,33786,67153,764523,132444,790139,59690,327241,764419,557917,92082,724785,346207,622052,951195,469403,308073,820882,727447,869872,825439,144743,890676,389390,350161,477326,230664,607541,542759,618400,695714,639332,755005,126953,3002,996035,422619,850386,194806,65754,435497,805240,362120,875554,434162,157147,107298,397356,267791,534875,958313,90335,388679,460116,361400,626627,951723,814609,643605,852595,38543,104045,659996,201431,323625,909122
675473,428656,71846,591116,888145,931886,964699,659858,866735,56985,229374,981972,797700,410733,829533,120616,554407,580364,692562,74996,404984,810610,292281,417380,881800,727503,626651,269741,622687,495989,337991,480136,755622,554637,11176,504589,12228,256354,277959,187564,539628,704453,225789,392424,802343,823541,941547,345952,112460,83717,74791,748479,475585,120639,739155,229138,966457,901059,407911,529785,190044,257383,112165,81811,525791,169959,386884,343733,385731,681239,166761,842116,412534,477969,173447,392808,687853,274137,245414,958536,593496,731879,538022,307215,28446,588418,731649,961370,346274,657120,898767,288399,452492,925844,774111,446477,941241,320712,342886,421673,584878,272003,674087,364681,861839,66279,564900,878279,909168,397761,590753,226181,593709,790908,153912,977309,173480,983328,393917,738110,42007,598588,547122,998381,451845,555215,99704,609377,858055,709303,155987,668718,754752,499896,962825,689298,364078,213094,496141,860204,421212,780655,635532,203971,712389,169374,344193,915096,530234,977664,905266,882981,981755,371138,966170,94385,510899,258125,120889,948246,691418,256824,824859,530781,629184,843063,417381,412405,85763,927673,706795,467864,55190,530453,763750,182344,347281,171856,85628,118325,88709,744506,823693,115761,28327,186838,828231,318569,477990,154553,504814,167869,9963,440679,984705,45688,657424,986822,610025,592487
116501,690559,924359,716082,424511,765631,908640,566293,4793,888508,343245,406537,298276,267639,481364,318565,563559,157334,635833,148256,204357,793530,472843,106439,242977,423347,781831,811562,983140,167495,291991,418174,772718,464361,518309,850351,703557,976950,18536,174129,345038,604874,593247,487012,724900,107221,264009,289302,399564,169820,51712,23214,662584,907944,558518,999773,41551,284289,194504,767843,244228,74491,750325,501491,300930,987753,653249,799860,632296,877856,386429,839924,219007,447903,597260,956433,938857,102347,177752,338650,551113,708159,688333,489953,53378,83755,840958,960342,467927,744317,811194,286069,372621,76957,822655,77730,753443,529631,768188,592290,270357,503704,188855,573766,781635,595718,644531,417128,526453,393873,691157,963070,80697,946262,278081,358316,956500,810140,508462,330814,297017,917975,306551,164789,340811,384922,36226,842933,822710,906644,492029,208408,477121,887587,492176,206085,987180,119715,393757,464759,6211,943027,848140,214064,844320,904626,94706,352510,298786,573761,400767,73697,42644,945933,566802,306888,329253,569729,208945,225428,516387,25046,64434,122670,701864,60804,259001,348310,241834,473895,424979,663927,664764,539177,418854,680606,110213,422917,648376,611971,62464,731085,700349,84346,876345,75919,907897,982995,973432,966557,744813,317198,412053,279561,967963,654213,885252,256029,687529,127413
908332,31627,609614,400359,834192,982345,123900,215075,130445,405086,581676,961092,885939,633999,132739,416501,965021,9986,952909,714832,880724,524799,345342,993653,59991,17966,807476,275323,424624,402720,867106,55036,979878,751096,575362,249599,844233,467124,979894,335931,456891,485180,796834,924273,17549,636083,689005,274832,390971,335290,884585,921502,951128,412972,133960,714232,730755,358688,894454,492183,142278,427884,927873,164289,677990,230706,49923,105745,340320,237669,867846,147619,390141,762726,52873,938864,239983,661896,523217,269715,780632,440142,274661,181456,460041,705068,293823,280736,12687,43194,244574,975623,560052,698125,845035,865886,848085,511647,88331,602382,963334,47349,838279,401620,1802,296872,421216,149591,101556,330598,838354,545314,171103,17043,201481,257269,745484,124727,743349,322009,23658,377501,563662,509311,136768,949911,687865,103028,421566,896538,887262,521441,630175,406890,612112,214680,457474,575250,15145,822875,236110,18422,196515,889784,607009,400619,403084,131933,42459,48773,507757,43014,27478,223396,843722,198322,169026,678089,95353,564486,513071,61924,660404,933513,375785,684158,54937,707036,495533,522039,732928,50728,742381,99222,995721,707818,669865,380010,652139,387081,107655,473763,911850,399373,351321,909679,130191,658337,669495,213532,372283,95678,774737,438855,329172,86922,238196,684697,557463,722676
525461,273402,223680,254025,557781,293320,354969,974941,59175,727250,852149,877102,251147,516381,496309,99030,385704,921314,40555,666357,433226,813215,631970,731491,649521,209304,34457,507622,565933,734371,826689,786910,154812,38365,942953,10266,33613,450686,611063,763145,177499,59221,945607,243664,844627,897203,581954,548710,626773,797677,160045,239703,49836,510991,885984,31495,13980,85318,911555,939097,109673,372312,62069,642955,107132,734875,445818,448329,259995,540312,689487,323813,294908,224968,494718,136209,774243,388717,944477,675316,767426,582666,634596,638926,746229,639055,57401,399096,128035,746389,892351,810368,641717,909063,501157,303589,636835,570618,968338,510150,81064,952288,649687,68499,525279,494249,493328,776427,432643,913924,876720,425339,857415,591507,833514,929020,581911,305705,654173,707039,678956,108754,88130,193209,867161,228661,496271,218302,18198,165623,994218,221599,696783,88275,615814,204052,486043,672977,140628,678746,893149,487755,875956,519258,658380,649670,452438,513727,474337,415626,600976,734070,739704,402500,961577,198428,581571,743150,679829,247174,623257,521668,553739,966358,517315,79159,779415,392420,901093,653480,265030,556626,700166,31614,346714,358156,967883,571012,49140,200022,585729,114037,642911,849557,335359,880796,511080,765459,524708,911022,473562,888473,594459,333443,557985,971872,840401,67092,970000,814602
