39814,199596,232018,58686,209081,237609,525658,562949,838371,705562,574304,919157,366840,135387,769310,642971,951450,588453,463627,536222,854003,182082,367311,568720,701695,580686,169463,334235,329309,546521,947308,622664,896726,723952,829803,821685,683664,637829,681236,533210,61472,945917,914596,647446,546576,855528,65931,26859,436172,156955,995070,567125,420092,821983,310630,385257,111781,660078,214151,611010,120795,541370,963893,914134,438594,503368,383871,176261,177326,2389,112277,237825,615573,11768,188972,642203,51776,306962,470050,609948,222137,487542,766667,827321,577852,97813,787419,683176,231201,529545,240438,339938,493902,613094,433197,241376,565943,205720,768569,724202
723211,865274,810661,200633,110270,720151,808348,980162,553195,224481,774743,201311,973991,254655,36296,670328,233632,751080,676609,835403,885486,61728,252165,551575,764044,385673,624900,30610,280759,358887,116807,367509,612517,71794,376565,282000,940117,584310,990230,348431,832840,595128,317416,943929,661264,187313,312143,724594,342774,220685,356362,346190,602784,71586,996152,137344,686723,350922,325510,255317,305512,578474,626017,129046,192622,586931,179128,240719,117757,153742,612275,550781,569720,954651,500680,170163,739301,236454,884262,57780,222733,21553,538722,519466,680555,564498,54525,7375,859329,33880,882604,973191,797598,300718,382257,354763,962694,995717,615331,486633
536822,160749,93430,983967,683835,696185,715578,370292,616531,714788,398815,748329,280897,61201,322840,725507,299072,664207,642399,355925,358143,91926,531576,104566,557540,379961,297067,724746,482978,746041,612868,638223,353243,95052,684380,657778,623690,397886,215323,109884,322212,672791,529044,628824,659358,665442,355928,223513,22687,936985,879274,221778,384050,359882,554002,192262,134842,946603,657539,206185,538509,371230,132603,510592,188159,327696,830112,74584,722403,228168,169365,231647,202306,716622,245874,661616,998079,667503,409343,266295,137697,958549,87570,944740,95063,479520,373194,674367,586924,111414,509220,859420,197691,324512,724692,771887,766112,685368,228053,435723
922974,321645,749508,580225,585848,590838,970520,221042,72968,483036,494673,615662,683282,175112,135961,744402,215587,626730,869660,857885,748908,200800,224862,566330,637435,567120,522790,996798,555621,608794,763237,887064,720636,306206,735549,252848,772153,152004,570350,293431,476456,656137,859808,742287,920483,644381,297554,356201,451660,691881,960133,203330,321197,700288,862458,117418,821446,988401,368855,517966,25117,854690,827047,924186,744766,706436,314256,737713,105584,124758,314580,156135,445030,272918,388168,143378,118930,729100,971932,835594,921522,342642,903097,29994,983873,740744,125453,282712,369733,318500,653604,923450,898372,939011,306120,425616,499027,644156,852221,724013
582107,534884,141578,287888,249048,211724,954294,290417,891160,760366,742676,435285,131343,811591,178393,962967,658729,584378,965401,119100,628910,823302,564513,188907,849155,809189,388572,824961,490667,916340,632978,258184,866050,449562,528856,166979,886176,419569,921867,470144,500606,847379,721109,928339,300477,284013,284064,787610,402626,74032,474251,293210,331570,462221,645701,870927,893032,309399,716192,382473,127405,713742,253167,219106,397650,249196,819117,428297,916445,195824,772014,410283,5304,543090,897716,492118,10497,510191,468768,414077,355335,595740,355671,427789,965281,863671,484169,715460,171692,395078,619349,598971,438845,291690,205768,717571,824906,537599,806516,340507
444822,733727,410579,797977,55507,378211,379276,256295,954586,595148,567807,226523,658202,985859,873661,203572,381284,378383,620257,457155,471544,767528,444616,758603,193924,975927,39628,980441,212098,721570,202346,164361,343107,637138,491857,488959,755554,174489,586073,19331,819800,156629,119725,240120,895706,691169,63521,619526,385619,950028,390744,801537,952432,645756,839655,555645,634062,924765,903094,583476,51776,391257,992981,9495,645041,624947,909367,157118,858306,777062,256082,379282,136584,841658,266767,185881,881309,57762,83654,763960,309444,509154,82961,377540,351430,522188,649164,229464,532464,654927,266963,494884,301617,441713,645808,302547,618889,143886,412280,47588
381634,377877,932940,126111,682095,474079,289682,99114,106998,665307,234087,337410,881494,843530,771322,275445,318352,458076,600767,327588,436818,669891,942521,621623,766638,444645,230027,180599,518343,595547,165808,839746,538926,677472,29237,919369,189664,822786,213707,835795,123684,52141,625878,378119,799622,404542,263038,488515,545698,434492,303055,794216,550830,499362,258384,785468,896472,294886,33701,854116,773250,545833,920188,595725,455740,487326,68571,892160,375823,349985,323618,671258,474454,33321,691,535688,616262,78321,807503,874895,608853,788287,362427,823538,254283,164156,423833,550682,386817,575210,885755,257138,899834,896970,747549,46201,191464,251252,540177,979761
465074,43219,602299,441570,741469,936656,312631,358095,539874,774537,644396,101488,922869,538878,35655,265089,807267,380698,717621,420955,823025,210956,979200,828375,761114,117635,680012,175796,615143,376400,154651,854958,299169,800629,397186,754145,605598,693794,396703,32652,173579,392539,332280,895165,164251,563480,42314,930365,124684,431803,210452,130964,403853,467499,678294,801384,306875,818821,878625,416512,280338,588835,910256,162003,122326,530704,559939,58132,957512,226654,999448,696410,511896,826124,42561,875211,356610,908821,693630,903959,818214,659990,710012,627789,121516,353114,382729,540031,177718,861969,23344,767572,465190,79858,359544,348395,800559,183925,639078,313904
634505,558288,969200,139566,770275,830906,821468,747435,282501,316609,487639,135333,802121,930912,472939,4440,485695,950717,440832,921658,507343,931247,482823,557417,424734,437292,453284,22669,315514,661372,891649,916616,279507,235151,642462,362535,715356,199559,329568,369767,270589,925285,633756,213143,898295,580212,31765,692406,706137,623832,123928,206025,994506,365891,345670,340184,136540,247413,836227,939789,803371,611942,155487,8188,303435,557727,209040,800236,36792,698255,347656,32962,580668,997870,786803,949271,424155,281793,905413,721925,3781,784210,660070,190004,247958,134888,583465,365102,605337,593747,455305,450651,608761,336013,407481,375298,706866,467392,91375,469312
735354,453777,10830,994551,133318,763965,118211,162152,672888,730525,182613,676592,772469,521364,77061,692287,538037,697097,181393,576547,330741,855653,120303,990120,493741,243071,479854,778287,504770,495283,361223,697754,226706,935884,394728,361600,362760,897295,880114,207001,450224,752659,600870,680489,445487,954742,609951,723416,341245,625136,774308,907663,881448,216554,514588,684461,23951,315230,62884,499350,227674,325889,47784,863913,59518,333179,543778,898166,503684,381585,253683,112449,534331,129320,857833,503500,99911,900856,827843,164570,948245,970205,478471,104199,361650,419225,378700,275086,538794,58018,973812,289232,357206,761057,944042,764,189558,626778,342373,513334
443448,986506,367644,853843,655206,703120,929808,467423,711859,352599,899894,816291,714697,175260,838231,37120,240065,917519,617350,703881,194374,276947,865724,242403,914546,485215,726700,533966,846536,185809,800419,981806,971835,162438,906141,296538,698753,83628,344401,982138,988943,256680,583711,159461,178491,315875,626646,702109,890616,670767,634897,13822,656494,214191,512118,337164,145642,631717,140564,840608,501329,191682,814764,806612,350833,619013,478319,417059,697,551638,19828,483628,812187,544365,936949,814946,475246,38376,918242,394394,995764,101112,610063,268047,830860,864042,218594,341551,827504,562302,55909,827891,999963,927896,902130,165735,279512,40217,119980,852129
327153,860324,578621,794274,339566,708512,51544,149754,206785,307565,955966,271713,586780,524030,385335,568288,710733,118086,83124,745736,294465,961328,230944,942980,54782,450099,232341,742571,9026,873267,764623,600449,808754,487688,457237,816868,75609,526021,915497,968235,556091,153822,526672,89684,934360,354795,423395,518369,977052,591200,167120,29710,975990,905612,377306,789784,668658,260240,788522,954027,857075,689227,628883,588263,179410,47235,524785,949397,946713,18261,529320,288799,620763,768793,655427,582058,900140,912643,778051,626796,220194,21667,141660,802620,847329,142361,582192,183307,218525,575512,464403,137533,780679,565719,170026,10701,617222,681854,686373,539773
60574,415167,231126,770322,101280,368970,167628,805545,70798,252499,662530,999190,420603,637443,359931,489510,89629,244118,8797,28685,922681,694792,313144,782428,663691,174679,587054,686378,475269,61279,526691,417859,20349,954970,172016,991820,474076,400731,234239,614726,760330,691666,230644,211331,150480,260734,483720,578850,985411,117999,815553,565124,179808,330163,978089,552946,322232,101072,837299,588736,957805,369297,144074,398815,755860,520556,397874,510279,658543,401911,571204,897065,874585,295705,163129,344383,378069,28323,987345,287223,323320,800765,394990,965138,538720,74528,124120,811614,516068,845232,172641,585509,891615,663062,91350,395307,582019,342311,978533,595936
832415,431543,100185,912075,235167,841330,336011,3806,988663,64906,804520,990781,940649,826831,577677,368584,230507,100626,889987,167461,22634,606285,580238,142907,153781,640522,124128,64310,396268,202045,64251,808765,767435,505992,679224,506796,790995,422250,88944,685402,189523,145633,169762,808151,272528,687565,855746,459428,267334,170280,882522,782254,237311,578738,277413,902135,978684,48900,438478,912602,653489,901795,329214,374424,373249,18618,133883,372797,791535,682482,270789,67488,841508,179884,173581,829407,785791,782946,459106,15713,631728,532127,79207,719623,890840,964929,607007,129283,129907,174720,719627,847430,302210,715126,728842,717600,890608,254167,851018,562884
618038,130599,848949,123506,720316,692976,338257,338803,800107,489195,423247,394294,313880,653068,525099,575686,982536,580671,404017,836016,90029,862876,783479,217836,916298,581384,5666,715939,933292,263051,477339,258207,718906,815009,319794,693094,227028,666477,660958,647941,55523,592650,409288,991575,634470,668921,498528,467102,267582,448276,684726,332037,662760,26669,249936,842539,200701,31254,105294,342188,672096,370872,637490,311045,546558,7840,396046,785315,397170,319646,310873,715044,763935,44044,128771,327125,379165,252750,676492,315467,545940,547168,45161,607512,147491,631635,481818,376517,171211,740587,863189,316801,385736,130037,774449,406099,449412,259036,727421,734655
64716,856058,70437,219524,734075,150252,304734,631903,633381,987065,125232,714051,719092,848099,784666,769873,994885,509963,209698,850671,902502,525355,922314,955173,725373,58706,266973,951138,738705,966109,74985,71471,922039,827628,977742,715086,174680,685926,398302,91718,488551,251362,855888,865106,918617,589876,531443,198283,230904,847159,417736,350204,811216,901179,928315,695147,70948,627499,106193,823175,265233,510115,828154,260642,683604,846092,736954,342270,103737,425162,974885,900669,678994,234652,349648,853259,299263,869071,546918,466630,285132,154354,668126,308838,259400,325480,777823,264433,81357,360545,747291,437697,553196,59081,677559,925464,257553,277695,943519,341876
301779,600987,696320,362678,676235,405828,216843,330560,788304,23718,98398,728228,300091,916226,672821,734868,728232,409357,937481,564538,997279,779373,52506,469042,936515,690595,839202,155449,128259,573526,485694,625895,438858,936491,538547,776024,887719,199472,2933,278661,961297,606276,880030,837157,361265,737278,597475,639016,345996,684055,711418,732557,856479,45468,795364,497539,965184,200604,243817,248082,988013,18079,626476,726468,272738,304620,507236,227389,653714,621888,933069,617223,177169,336345,255877,172292,474661,788474,421579,954619,205357,622141,562081,920608,604912,827266,985630,440425,239322,429366,285872,500292,168949,287796,223153,869066,345557,245171,267570,401298
889262,722549,410777,126765,503585,501790,387917,517621,786984,779081,332985,589282,780695,871853,898709,551337,634465,192110,369430,163383,830753,626295,332224,581402,975132,983837,710435,379911,769690,349641,209432,260758,60903,720735,824843,962062,908661,44236,238228,862783,523529,916078,891441,359934,92140,390550,798340,466112,215608,437735,415499,70918,624288,419788,334580,837895,542741,886229,906178,313373,202831,520061,309744,60941,277994,287578,836487,927421,149494,353564,692082,602520,53162,349982,13217,338914,964419,259581,415252,360008,858959,404066,467545,901363,493278,46257,730800,671066,328874,856560,153548,820296,298461,697187,214612,896284,992519,955297,829841,36379
248634,235738,95713,453742,153710,736735,93708,208264,420580,142947,721460,743309,798715,582191,764729,809900,394681,207419,436755,565259,226077,747991,120918,93223,274228,527494,247357,358364,456844,660174,497135,414630,592597,567220,448255,495191,704358,340314,144399,627299,569391,653541,67684,10867,234972,917410,404715,252603,340989,242259,207700,272170,871532,401561,341793,564659,952095,987597,555486,174787,789007,269732,377957,632075,804820,809836,610331,443152,453004,270533,918126,126139,849007,210459,325008,40689,487719,232705,958513,663136,624030,81254,36502,765548,657973,486387,171878,670495,720276,270787,405745,114973,527362,810396,857454,963421,696798,799851,715823,698541
568821,99135,317220,309071,752433,331693,767231,621753,542838,902297,31840,27526,298270,199026,979532,914340,348608,893850,502965,316281,312463,961092,993133,413768,236508,171278,695934,759280,723511,140054,68701,284345,526998,537513,414337,912793,472778,796830,325882,696851,920947,805741,780233,808644,375096,314898,635921,279481,911956,838916,963790,890131,564512,362166,738472,869974,768217,373339,94463,234788,769114,338895,747065,213564,849040,917717,251551,347352,715944,733489,998911,727002,1770,568233,649311,301151,11096,454398,289780,849520,342684,7362,624432,237662,794654,33666,140552,28149,791470,414105,296427,841720,462734,511863,936359,987365,21909,190590,131641,408194
339721,508633,650810,769291,294145,444333,466813,592503,609740,136810,419179,226902,155544,75371,848476,498558,959331,998225,516813,583720,693789,997437,38656,558700,453455,218081,976487,22574,227719,763316,335985,686446,959376,730664,91008,364127,14165,950594,203806,684199,494778,392896,774784,301722,739911,284393,48380,10047,715298,348351,319407,575117,556294,220421,512688,874515,47681,453523,711370,171983,418818,806220,326433,927166,473982,6564,461355,400793,546835,939961,894514,143037,860918,850821,348357,985982,281923,416987,847250,218271,873910,504088,834465,359361,775857,408230,925521,364383,144676,572818,784316,789015,173279,623868,221617,990304,710793,834735,791425,501286
456001,125639,156054,689176,842800,613147,800153,336577,949190,242489,198082,931803,70424,487438,15800,968513,35877,404427,71544,982631,576148,192002,408748,212211,239291,708070,968433,69555,778483,962832,220022,6254,421609,241518,717358,629237,552784,834200,930615,435300,692444,405634,326942,721872,645012,949920,210342,121621,494872,693423,45113,113827,850180,40920,328079,80739,11446,622884,21686,427969,112950,438389,787683,354241,166264,983028,62455,881103,537107,129060,763185,172083,876399,895868,759792,946492,58432,562243,987159,352395,850941,127399,222289,647437,122971,355200,492690,206480,674564,566152,681354,477066,334790,300610,551912,140246,938275,185407,522745,805967
881457,950617,128417,969585,816912,906931,273267,327884,689901,812070,72855,171369,229331,949276,761971,321106,541797,401701,351248,35963,844732,378863,445112,613278,167893,77577,660914,5997,721302,804098,86959,80525,631507,351130,173193,748840,266515,267761,758685,290245,681811,44887,455767,741496,501715,135907,439865,1798,451487,535824,428193,903340,556359,39872,46538,975419,496164,807973,289462,411261,5810,164346,509144,431632,174866,705740,280742,329240,954524,668060,291156,154190,697576,458038,635751,662101,920640,306607,433972,126406,200647,146461,721378,37276,987717,339102,542746,415381,489390,707124,256158,401954,989854,403714,924997,377170,528270,462278,236397,247562
231551,659046,862981,504262,309956,650536,580349,321640,789065,376900,6178,458708,348092,727204,939758,126582,896821,373641,413279,340841,457384,622940,82149,29746,330773,376679,487347,445492,202262,536985,985346,404828,110556,717698,584760,454844,128643,548524,925801,36771,595900,298619,835916,962799,49114,91295,236146,67952,206997,441854,568064,64285,614691,907274,605653,709156,624509,65524,986874,145484,120846,496697,203525,141632,239934,911774,443005,726926,79356,596824,135399,765496,340353,172530,221535,840831,33905,766209,521007,531046,814271,70491,184845,508482,544774,741794,725692,416344,352578,198803,598271,825785,352543,883222,379959,281829,957211,176490,861797,944529
948988,631016,615693,38573,509819,172699,811766,180704,691574,221334,515940,542701,805599,235930,693177,192028,705652,319084,248236,386082,785295,201614,611889,101884,137521,53813,189888,565778,73541,347513,184119,870060,363093,665940,459929,465466,643988,139885,658030,911288,685251,311484,159255,427408,268809,227395,299621,523695,377001,546933,98029,964417,547601,516353,196808,643479,88107,691811,630283,252322,174168,560445,479275,91634,36059,190356,422127,156059,765991,795342,12653,957024,363988,607986,227860,103686,448285,808978,660880,353071,892800,132319,388901,279486,423477,704988,104397,264347,196869,480995,296573,744087,464916,361418,885929,821256,594515,289120,213934,140749
755343,947620,142751,404906,124819,396933,699188,916296,581953,310532,246823,132452,591793,980060,937620,550172,892124,853772,612784,473195,163618,78468,706351,55307,915606,888949,407725,802773,626660,693087,489449,946233,418881,184635,661429,650074,388525,716456,470242,869849,172298,948871,580607,23987,893107,569141,256477,409221,390272,133163,20681,163981,270781,565819,885418,139210,212229,881646,671955,614129,835523,984412,319766,932951,457371,351583,34149,148853,689244,245915,423053,863604,753850,220641,676010,637298,690678,467226,294984,223850,412367,880200,840364,766962,629935,552083,201948,490187,27154,234311,225555,778416,747105,78047,431887,267551,847925,112570,690536,968892
302639,450195,815288,266737,357668,55548,569303,823069,684663,130180,98565,665316,562433,359061,894840,715861,427509,441229,291935,48455,173287,725191,741104,24514,555645,672826,566496,409046,365284,640502,731384,902519,477107,727336,778357,629910,589851,446372,902850,737225,909049,347574,412743,907676,729908,686248,274449,659137,722967,85889,35070,822780,985093,226919,808239,383754,153656,492877,862742,802948,169310,366172,929094,466895,728629,849364,572559,775891,426233,29147,266494,83454,617081,721421,626124,55663,706208,620147,15063,462029,381283,556522,415972,413894,648752,158636,963667,456444,168950,715929,64945,141371,322715,669920,47703,385529,296768,189187,986823,450050
95734,749078,635209,143930,265698,58940,842501,629225,797554,490346,29093,64400,822127,919645,82305,860836,635339,256679,427079,513015,558342,653738,213625,183319,240878,212910,364806,240687,854495,143766,463871,655524,322654,167106,714014,2635,886179,315439,609244,314948,913240,545997,563184,990271,773513,659744,874893,921640,10619,341028,706801,775370,306671,385412,302330,188578,710251,801831,790814,387946,11648,99582,630640,322498,292214,560403,407977,800732,520221,952621,682578,317029,771287,636103,495977,610929,849886,475845,464106,124181,105582,231135,422140,350594,338517,719437,258522,739977,215897,850397,657256,847746,711494,712641,618862,517918,304588,106651,457200,99422
971680,258371,56722,482772,63021,403711,949973,96068,588715,805875,221969,146054,618938,208485,865819,545083,487788,914423,298504,391028,534922,323187,906859,906269,382372,793532,180294,453535,575602,107967,886215,36537,338624,152258,202367,104637,871367,780031,884737,846315,350890,871999,555765,388230,466613,612562,308063,69424,600767,934512,561723,924440,621755,113374,410821,835293,21980,399249,71202,891744,659860,193611,335975,47629,851541,937090,363171,730988,874815,437472,492226,776691,131777,550206,206954,44660,736363,160971,340988,769605,195293,899441,352357,118395,755298,264885,584595,455017,895118,240956,274495,480916,705365,162570,168592,404682,951289,573982,437555,920664
757014,879128,243138,831165,683635,133767,431942,202274,375768,22896,62679,726299,76705,428403,857244,690039,579472,518189,994930,716403,247872,388885,191349,964209,617685,720396,740045,201993,896648,116776,390920,490724,805936,622061,938911,329985,385893,758475,243077,527916,160788,536441,230083,335190,695958,437881,295248,190072,592448,255954,224764,48830,814281,128955,934061,35206,880642,595525,241687,560921,102197,945000,823654,181349,233036,346976,318245,39735,897055,238755,481107,939011,712335,171983,909066,97443,696186,776684,768264,382765,673826,137469,309320,716703,975657,810435,833828,597701,408641,968215,988330,533578,822143,147930,863024,311334,326164,427902,717236,624809
338560,104665,145543,479547,180754,362066,881994,704655,957436,692749,129426,968117,410022,83669,602753,370147,520767,806355,552775,912709,815789,131883,125809,518759,95175,582046,21536,740689,33818,380225,457639,188691,629744,694702,426924,916907,59996,953773,244787,625503,658583,268330,781729,80489,87766,638539,906916,94800,938057,794079,798431,548438,269862,918434,265267,587401,994971,945221,344022,15704,79169,448095,539833,711940,275031,55243,75361,666697,853698,834578,215761,177055,360011,248214,352641,424902,297266,684765,164704,567055,893751,706878,168491,385302,884162,670183,252613,46764,510148,204981,503268,912609,351791,500363,633202,865524,169203,339254,586639,918724
199652,375682,986779,816701,20422,807953,25385,322118,290452,376152,423883,296010,651026,701597,159488,215733,360339,746404,522217,717462,266401,230560,610790,83967,982729,737710,424420,992885,26078,449995,959291,901579,962379,420014,52590,362797,352104,229531,801322,26969,324387,221135,344005,311397,17739,274476,760057,298395,864602,150413,395610,111137,174308,78588,436222,25172,871487,159586,252600,32876,113445,728258,354661,838098,346405,726420,721175,149181,723645,702826,49518,589011,309051,129718,678454,738278,354833,478472,877062,311727,257132,809081,575889,111447,922318,452667,412899,555984,935242,117698,135737,113335,348371,34026,570681,584302,372405,912459,952871,535040
207286,748473,257740,441155,925984,107189,731784,328342,612269,702965,581000,626269,433754,35385,353673,304611,467835,32878,322430,496213,400602,799497,415306,663065,840301,363700,725398,260253,337339,807452,288295,719209,205589,283937,92162,115193,256793,558554,754367,35704,480638,322826,158076,915658,24586,963577,714457,455508,68354,604176,44624,686924,963269,674734,380523,292265,86069,927026,314434,715743,170833,905305,366161,758987,222500,29531,368203,676143,115001,310488,233990,280629,106813,507731,941142,974382,134233,484344,153993,578166,504894,86238,634213,17599,683527,934529,396456,437942,400742,688821,523732,106309,870544,111923,517428,179201,312312,279264,167383,771330
142257,465641,854193,318680,864131,852042,935730,647223,196340,151716,747201,671529,120100,88450,952863,807402,471635,350126,934217,165188,644675,46522,481651,413052,79665,750324,52407,708488,574247,899768,361747,377439,676183,507169,312835,110752,63311,486370,532538,14360,440193,325741,195830,574822,197242,656713,413005,587016,212856,620437,663699,772222,991405,788159,512038,401359,656504,339984,799053,256990,40850,46449,625478,99036,554293,908011,169648,577124,538606,602226,620380,890615,590489,476390,612810,650008,720848,947321,244587,730254,902635,901977,786922,112793,363259,837890,873698,831002,308407,333082,104373,360738,674306,179936,657861,53675,894291,922216,877748,803081
406710,926366,231616,247947,863398,115859,354040,570346,290469,769561,836077,26701,707041,941868,532976,257731,5310,534340,562455,631140,778429,571238,605564,691261,904553,91898,314959,440914,212872,601089,790497,748688,905554,195291,654681,988975,8146,848348,601830,231902,972353,935953,740783,220458,424854,788247,479843,223862,125737,901882,908709,89689,400920,482898,430032,616494,971674,489885,153517,696992,19581,636007,642710,879577,772781,210771,625174,531673,881662,493437,288079,275510,65641,263177,55237,787871,351120,923814,202027,808890,554443,429367,133043,771644,771886,232075,834103,149003,722319,470557,640392,258780,695746,749120,726167,102834,868941,387140,881198,357876
471249,969585,260413,120040,900317,25297,509356,720213,815283,762839,981291,252512,59282,127658,202734,494449,413271,140231,612986,430435,928520,50267,83977,432088,256384,980246,329565,294976,766815,470311,38974,730142,940360,872567,735285,583340,878405,325602,371649,645593,921514,776463,861338,7265,862088,646846,610891,152508,921670,314442,675732,545452,214553,582401,28572,536083,826856,632908,754381,402726,581696,365023,624995,769112,204084,404577,82759,204692,130231,580543,359430,514531,467478,435127,934365,618138,919052,337313,439725,215929,106141,29510,686120,703276,926755,724313,738193,616363,898300,265955,309935,264728,30284,712330,778011,482858,627941,678952,123080,693530
640080,883132,538465,24837,801693,937845,372643,706823,189559,904290,159830,10465,577678,307103,524907,413475,182779,276754,39539,920647,552541,131326,218934,472169,278597,235963,441293,497436,183327,298773,282945,713252,111130,958589,706780,968023,917990,601869,234424,304602,43781,564757,530082,697858,9462,79313,252381,242168,256336,671411,238223,497911,94841,236927,698857,240030,594052,182309,850614,614096,587239,110867,817563,221604,802740,26563,958117,639885,732231,471420,231108,326770,426412,777421,38304,967563,149783,870901,456799,946870,972026,410648,354324,790127,643087,565097,350729,729221,280056,455375,823887,579138,644728,867468,740943,104362,524651,167096,618989,663763
17126,916473,635016,190344,712486,169096,210510,715434,184077,60387,390893,968366,796787,143572,595355,588428,871214,657878,852482,980309,121912,973252,362217,734402,756302,829296,735416,529129,479380,461216,716610,586846,417354,547880,140434,67253,901575,954833,185821,494574,496292,592178,16629,845281,517200,773250,57049,885842,912259,980921,223769,300363,187976,678478,970014,849050,104996,989007,148591,45314,486696,752624,402469,855446,474404,324331,69064,986807,629681,517319,800274,573415,653756,603340,945673,125008,368861,510060,122121,816554,916869,139266,805052,240117,502673,624570,205511,639290,930893,12817,281962,918609,760957,567421,901495,217325,424908,626765,580473,470773
51361,835590,296089,463885,758775,269970,544301,538825,664380,515357,905424,38051,82284,529527,835139,235265,301675,853608,745031,3455,52142,195544,407755,135301,396934,377849,519914,941819,238374,188531,801011,111417,653811,958251,201645,86320,973628,997973,584949,858063,899798,565337,945074,306880,484519,356915,951277,15170,408865,559272,515394,467266,492448,332315,506305,715632,653716,216301,509798,711231,905394,217461,227350,643766,639559,960734,205392,858211,672162,654803,922345,569369,462609,89059,62432,291865,212615,424662,906945,190551,465978,186913,139424,127925,674580,976783,305279,666919,394942,64668,890420,309272,298204,22226,812491,964600,247550,742186,817424,442067
202450,613150,895364,359763,470787,991678,814273,954257,880200,857290,481116,363714,252660,897554,261981,967337,630088,60385,938736,258280,45597,126113,785793,457911,858653,970820,408354,941838,525418,308881,329963,481980,798763,69749,908279,986411,866168,347678,450201,175848,438745,390362,109738,779492,630890,599618,49592,992472,575662,517018,677993,755799,982546,109897,239508,525821,307033,960988,599408,576406,666812,685524,470939,175669,638658,481944,865680,790353,241358,433392,680586,5688,960899,687779,798446,374722,971166,73680,342082,421679,612705,113986,885238,712270,277893,904683,90126,828319,289600,248128,103581,95793,326990,800552,621237,107390,62536,76272,965866,676845
331755,681194,27674,659178,85868,371913,745494,446329,266665,681387,655701,870468,98970,52085,29442,166470,916673,765798,678232,612721,395710,521809,547297,573627,499305,825769,421419,826536,672960,222165,467939,327039,665467,717683,569948,63957,132240,321967,766176,380469,700462,366173,556173,36653,35914,441420,168698,51338,108882,632880,284038,599574,929169,38406,103905,788300,221734,762196,675680,720628,657861,43883,625805,645674,542098,802074,19627,538680,128502,991526,391119,212053,323709,661029,975140,98235,754367,462087,194002,937320,577478,705080,285491,506938,155432,980185,825971,1309,772173,578703,978903,491135,194195,86800,99979,579579,653307,618163,8848,16815
150853,730565,951737,810876,885380,721844,813779,80459,25534,346655,334357,258248,797931,789922,487491,416017,305553,991401,223058,749820,91018,367946,459275,48707,73670,395816,11368,78495,932656,580855,567796,424067,354747,880368,287698,839273,763678,343459,734622,351700,848377,333408,312201,911861,849194,820284,743657,174816,414665,916715,308640,982239,80682,670472,36734,332188,634462,877555,941511,425627,427237,361266,894786,300626,160127,419202,175763,196153,595333,951151,108390,174196,653558,841655,793038,566925,850794,224643,150849,85437,163305,587711,688345,830375,644440,317590,395222,603924,167339,766354,659004,887712,292116,703996,30601,822397,368097,513725,573092,757290
144648,637668,541912,951016,479428,886982,202463,965832,877246,880988,44970,610497,592996,570516,399010,82264,416556,472376,778665,738569,127263,374632,237220,827413,681014,156104,495158,759411,600763,898355,411354,458982,180235,960306,128149,428235,249222,455409,77789,836730,155408,865661,884260,450733,126305,959345,130250,476977,941932,585762,861789,759482,794337,7427,30002,418134,59569,476141,888958,434547,478385,724671,671674,925023,627383,74605,286640,430537,769183,843643,673401,258857,940108,379168,876669,533998,565352,434121,14908,322663,377578,364811,758379,154532,182821,729714,184527,759722,766302,131902,839251,30231,116050,570017,875003,696268,895121,873358,744290,766937
599396,664016,410668,707135,139846,573359,448690,581437,23398,979063,776225,305282,606086,819127,204378,17331,961770,773076,225012,245399,887059,278946,239849,885544,673244,172239,159109,14734,915886,609664,824753,103115,679253,528551,997923,101221,343045,711334,722749,842851,963178,941060,927146,998177,31377,148341,518694,468568,491212,552935,581726,847145,755375,801634,375276,858508,146597,920511,632705,869522,607591,41130,420072,369866,135407,127673,371869,937642,415175,432725,639163,211825,525900,884176,905555,700668,279056,797254,955222,738100,107755,571179,540435,592175,110411,275968,664417,462444,91770,67235,883292,847693,858409,984542,631649,456002,834735,356018,88473,424346
784935,496118,620896,841809,965336,774588,358923,7225,36463,828655,50134,333811,200467,923811,948002,129200,612665,176875,632030,270840,92972,528021,525109,719176,458948,789081,686390,5036,68464,618774,749528,628661,485310,230872,20253,450435,66373,307203,803989,357504,810126,434144,202701,464434,735773,901214,186268,463228,160337,699685,555889,567239,796651,885783,752412,808466,83076,221660,929276,217634,800506,637782,947329,699268,240258,355860,481622,898423,174247,771390,898737,341419,152151,28370,292963,815053,376512,254257,935755,182254,118611,899995,31943,507983,752169,384298,308069,528736,838276,486180,704836,719287,427874,917628,509882,766832,867610,521939,311200,350125
368921,486774,193755,127240,302559,535403,138738,74065,229234,935879,896483,94237,207527,82091,288924,291019,178919,635124,619533,632665,230557,622100,562295,580792,10038,728292,48241,750478,823963,146688,970935,689414,31821,825242,649231,165360,539376,973047,712457,992639,67763,189196,8150,212383,3039,845567,877409,991748,870340,788726,630297,557954,925795,81118,356292,207629,580596,43634,296695,67467,47583,231730,872423,371685,952719,923428,633630,631024,754782,739695,986911,703513,566727,291621,178747,1498,219199,473285,425119,853942,881786,325643,681258,856915,474334,769563,252148,91582,86179,831959,888198,829706,217350,240547,629668,694089,66722,619700,567106,133850
257912,408598,961294,607278,332562,722807,268781,227071,354789,4162,782621,376298,90881,14856,985876,831190,710010,361354,865700,640430,650825,541854,61979,86244,625978,581776,184226,633065,428289,649999,67210,550789,93833,952157,609383,249399,147649,462670,336536,79746,455595,342703,143651,13611,925366,432572,894593,55841,273671,438011,561160,409811,781763,728345,276998,324065,816523,152434,460647,76124,990212,685517,542173,405210,697571,135222,446282,433308,54650,105491,865252,802235,732041,805352,793105,830445,594458,444342,133173,680610,251810,790010,816539,879308,491460,379337,596219,966471,881287,348774,175402,988375,51891,351909,736788,933903,434989,160830,469415,981317
917946,963765,758364,433989,825950,25001,953866,520007,217668,341389,384120,338853,703325,246828,899832,263595,507866,186719,633974,422376,724599,753038,116728,638935,787999,393533,322384,768618,596921,874755,842455,318997,728588,835087,493433,390698,486230,588696,162319,850654,108852,486093,243109,49025,145542,381366,83721,47048,746461,205663,728008,747133,912210,715298,707139,494721,628647,904112,475582,442325,184899,203894,950053,360583,857669,384051,438094,200570,899430,416446,302480,943400,902283,889351,537320,797233,220070,959239,798813,894685,248767,756638,366142,902189,437505,60415,809832,620317,744248,952009,942908,505025,467244,57240,278279,745191,6781,499381,328564,492878
575219,428980,688315,362380,387260,890749,767833,914452,235476,44884,130010,450608,575124,829238,604221,426987,549332,595563,609010,867661,547203,34146,201189,222048,64615,358570,184390,965151,111300,35704,604061,362610,472185,892112,991485,499763,245947,502679,28350,499534,647808,826302,682195,683404,288905,495571,327594,233822,198783,406117,188499,11300,807595,548762,247274,434422,701242,851495,280217,178970,367577,802188,318817,76340,868458,137570,580104,572416,680489,133175,184174,265423,838952,968284,911606,75663,983701,489211,431449,525309,848245,492119,632507,646142,469057,574909,830099,749892,725370,236286,515931,992225,251741,528947,628858,518104,793686,171424,894331,26044
456497,321071,510929,820284,394006,696322,195296,981961,162607,171137,203170,93943,426280,140486,377571,110003,745445,996112,251013,784271,601770,273852,59265,494757,106601,960124,659642,250601,718630,136708,734072,765251,198223,973272,338891,513851,309640,178134,428489,941043,979590,680879,649224,485190,717204,86477,144217,466399,7688,698884,815858,495864,594648,471471,937667,417719,667188,989722,705636,33253,938882,646138,583858,870435,869612,953392,111715,121988,963937,68889,98287,200264,146725,77730,838579,265879,855330,310670,673173,122669,91714,366092,460616,762670,193415,65400,515081,514402,734708,638458,744008,447155,363981,616077,967003,893800,639155,519567,911796,818159
799120,183305,902707,722804,22302,607435,828850,847999,3929,568944,779557,495060,902573,608076,999947,993435,880686,338624,881877,667760,144103,632980,802821,341229,528799,277570,295448,214954,606236,28746,26219,522067,840233,977517,121408,896422,882650,645095,816375,989927,688076,703224,715774,520165,840811,106646,608257,964342,270260,570026,75495,91317,620541,591825,859406,306342,361251,433563,267329,363701,100606,311429,897252,597656,529856,936803,200630,106291,348606,864429,168966,821340,20246,721314,992643,405307,568934,170113,680219,528883,997252,585114,868216,276672,618866,396928,480484,685577,420741,525254,543321,131811,305632,217663,54745,240476,471745,323918,738544,893781
179247,407267,912827,738226,924307,576368,814921,986932,624938,893335,439380,520726,946009,337956,870884,954743,556805,852202,914392,662465,70223,335983,960588,283585,533612,846495,480102,546112,647622,648885,24427,579879,818968,431923,523275,416375,549351,340714,841795,406354,711978,350695,562369,378060,719528,698322,343483,107637,421513,915547,732609,662899,985787,873893,166608,805438,62655,20878,379210,9453,372275,677787,766662,43729,67185,374116,186970,172854,474167,434491,277125,504767,146598,319242,4706,700683,939366,877497,721947,906454,218524,253832,277617,233929,504579,883006,483858,554306,748514,344899,68444,544414,956297,297297,805927,90921,903477,764241,832333,605265
531177,251877,474647,119865,797858,359015,13757,119127,413957,382576,948253,167193,742259,164924,370898,678253,137985,518473,702873,888366,360635,646620,200606,194401,237536,525327,729088,205354,227736,51011,381279,130297,91688,106601,467182,624820,476938,159820,35627,551736,548019,612436,520733,228227,959791,724351,957424,700206,854815,61091,433044,381984,507364,639550,454663,166004,524201,245001,534236,371984,380242,822890,171965,63994,785714,266667,300789,248424,168513,28058,452435,408527,978554,576731,165425,516136,501327,986337,359606,528851,272998,270581,35569,527894,584108,419621,669168,115645,283002,125201,242689,633224,368419,793834,600763,922090,499863,87494,547668,8219
98501,104169,402023,160995,547994,92340,484009,229543,894120,342183,951222,722688,762152,998342,426438,6569,58287,713956,518246,151175,614174,225675,303965,45462,876051,415799,30969,631204,171885,689502,333644,119806,816159,734924,632584,88943,699736,402501,622025,255744,539654,558896,529034,295562,395178,905634,982490,659296,778278,457493,776925,843738,661298,717796,555898,289285,522561,648111,153244,762235,738279,802041,806986,916156,40406,83505,853051,386039,402876,458025,42650,796447,204932,163875,20332,283763,176676,497897,678327,981271,842736,711174,986670,610541,591580,323189,33188,459812,554213,289405,596416,420394,246076,199874,384743,818096,331827,919119,345994,347451
486164,362134,810562,282587,245529,88705,170525,492379,760727,567667,949856,24278,753721,335171,921952,262012,408856,953907,182051,542713,399183,515622,603325,370084,895027,981258,141620,983346,962993,889255,344412,739806,811117,826930,549250,218847,537449,39180,389689,342477,229819,635665,421393,829917,672731,610296,445679,55919,588371,126367,599831,820086,593363,37907,684777,134866,143680,652617,627599,462407,96317,343557,17637,372663,327641,439999,942174,170763,32131,933676,841794,893478,698875,786513,53303,51295,883833,49985,34771,376521,291268,629396,571544,904934,938127,404151,342599,203726,978980,272229,707737,559153,739812,278570,401235,392447,946985,346660,623994,273746
147578,338834,370253,800843,228039,254418,555863,371400,408464,438553,985409,240411,710020,234934,55107,508202,63061,239397,165065,186731,38513,425026,37765,347516,193323,149859,322579,894925,42215,791891,786917,351626,573764,978608,577813,262616,291271,171287,612990,90736,66012,862826,647942,426946,669573,527420,983079,197637,939896,787474,966099,955252,261164,261636,454548,352657,641621,432090,943901,804833,767092,831628,751444,340326,649738,159602,993445,239113,158632,586655,220327,624658,263225,71953,557293,625564,293008,523071,94195,662226,94154,1363,642719,550732,673057,521549,846688,109097,922438,821581,825947,778216,756750,35721,41444,181677,769986,274135,357736,373887
553318,636666,694006,811732,197326,34169,884534,474338,739354,809588,9738,471835,569217,424965,128193,353106,794670,324915,618546,56628,312876,835246,739343,830942,809462,106558,893558,470120,726215,231608,769193,890818,747831,367072,259197,669475,129647,316421,474343,454732,131690,479173,81901,667191,387300,302292,248187,356441,661122,386393,44953,587638,715912,301508,804939,245979,914880,873336,260568,610828,555626,724026,657624,826705,787265,240620,223824,965278,742458,377270,697288,935753,859113,372495,813965,839928,225228,22907,805549,491560,266105,185659,552529,569621,964003,244114,487699,573036,297521,378596,82027,444766,480730,503013,850708,67473,61380,130063,28621,683592
475403,531839,907022,40012,300293,886339,287604,833278,677715,401275,389356,23228,351639,335716,623046,517940,621900,193040,697436,934806,821027,279499,721992,386767,85828,631562,884674,13132,437400,844639,258255,723301,757279,516202,69163,483479,927527,46555,677176,893860,402596,21419,867656,908924,308551,902976,236792,124099,618423,251194,483572,173604,783713,156528,951740,193526,574629,841979,502065,322979,974505,696074,65102,724387,79990,42754,243628,9649,513239,743230,437938,558057,102862,39372,122782,66644,799570,920081,287209,203264,199737,867314,243076,103574,349111,228430,912452,963875,116342,799301,324553,601887,530044,76294,106254,116713,58353,53113,792582,605800
945033,714291,621857,924619,632459,147579,492544,943064,527895,62484,592188,522714,743654,299574,663397,922923,253381,294185,297666,94308,364927,500537,974430,764990,452244,628842,75103,845359,250223,441279,237005,793335,635080,229785,128110,201510,392514,932470,335250,228139,464009,144034,993379,596152,743049,328346,494931,879361,175218,659057,507619,733796,247741,527567,580274,388047,300818,272462,959244,746053,23562,51881,879222,404071,704895,783139,317970,818834,778825,301557,111325,248849,395699,655389,186285,608688,503943,836098,108819,356547,590505,966668,748849,620128,672492,19921,624464,165008,761706,51504,521862,238084,461381,402112,109450,951407,838671,108193,229445,625507
156295,81683,545663,131844,490729,864547,407906,80602,565364,489510,919055,72411,538510,28387,686284,222623,503794,859480,883438,87685,517129,323863,374004,239229,771038,452275,435611,568050,30773,677935,776777,775942,703333,114649,704493,437606,320152,991724,391595,523914,420769,607575,119098,761998,843662,684518,581585,585144,52518,274858,581253,213692,618878,36436,991828,420062,106159,393471,119144,516134,881974,405437,989095,992066,811309,128134,500186,702398,595965,65608,871391,330898,559000,55109,827072,91771,36733,738762,109770,199155,975670,151024,36134,540792,21059,581599,827472,792902,446108,909151,475770,340487,314700,788458,586847,59536,259441,835654,668388,779141
600973,380868,897023,760749,173791,532349,678350,890555,227538,100178,639808,836844,777806,943205,832196,917852,291334,208457,932454,796282,60159,175180,190685,741171,472516,24737,889928,879063,179638,957584,574885,308854,391574,411815,754753,312617,224207,560826,146192,5068,170316,725088,323854,362894,903794,966228,797746,949138,712074,738796,897010,885689,70732,961987,323468,992720,227473,237666,577631,45175,217436,734336,909019,189515,378026,220729,669977,673897,160030,201303,107459,394732,3812,264129,613217,426630,606501,602264,26300,726080,151342,40207,133841,473864,486604,829732,255518,278756,354108,270025,168532,777875,636324,116151,688570,734453,616786,905276,841381,767489
769193,619508,816532,759889,966782,638090,646459,974477,4964,813272,441175,47180,726922,446484,123933,691156,200252,992320,986891,194787,618825,506571,625082,565099,17322,619713,120050,912807,588084,157282,571049,420497,633435,318361,777965,168790,241367,477463,88384,677696,260809,947591,179693,179600,91082,232737,857634,298427,48929,42627,477362,992714,736599,652113,412450,28633,162708,290376,938920,854957,70644,266735,628461,469115,806166,147593,571990,188780,900153,936783,587039,391729,456070,314296,903056,609198,876530,247965,120087,652407,249728,890489,98653,16290,519132,817484,272487,325766,491461,558367,730586,198939,662910,176053,697228,874825,203338,53618,409892,423022
672613,765306,42635,522652,941058,753753,258018,982775,788856,508115,433343,880750,392737,422100,972566,369294,732,666777,588569,597544,840875,258136,608612,208145,164967,959677,233181,985654,750384,112031,34718,382102,775240,795109,50383,592675,284905,507039,754194,742085,530926,551642,697191,749499,643301,154807,700595,61017,435000,319313,470439,254337,636807,915124,393547,95448,301049,655813,662286,313546,136106,210529,902960,310935,477911,145401,233865,108544,740753,813365,795111,286860,411487,497183,893188,810326,447150,775455,637536,294741,811503,18310,204446,623986,416979,884213,418184,340464,407840,648750,148187,221277,197139,339372,876337,518956,921596,185087,510680,361446
680841,797881,344621,415387,267752,253285,409745,174161,378189,374055,93371,111911,368293,734777,175023,90201,969482,503916,932644,111633,259405,343535,464724,942757,461022,5232,436618,901689,228634,260165,901153,531946,472808,639695,629501,264672,505348,756455,898257,59616,21420,287791,73298,952806,885473,261990,241838,370509,980182,828837,871024,865794,732111,82970,203132,383419,808959,436912,253192,392404,305069,90470,199628,728070,716295,183510,325690,841464,559684,114583,117348,815418,71455,361719,441665,139310,619254,391642,334817,689538,63770,524174,575029,692235,504226,265973,245402,471421,866691,966593,813119,26275,434447,918195,429470,571217,834976,600082,764132,479545
904529,816521,518134,998519,946190,56715,39389,526500,346889,46258,39506,489786,556890,359181,645953,143927,185541,827804,443363,391915,740132,215632,470917,439220,900916,599244,793492,396011,37332,930409,421139,976857,355026,371356,348204,260737,683074,535698,940522,187360,927457,168376,989503,563666,178566,240386,26548,908304,895441,140139,326802,139038,461518,11147,935187,392363,828412,822417,58436,549298,284952,225522,291669,87937,275244,628435,394901,64423,112945,841310,48952,678596,18079,535637,481713,917827,383065,104872,470957,980514,747008,539380,509161,892265,240088,524476,781091,62301,14319,252076,844683,631539,227240,690544,196988,225684,923246,507998,824746,717558
49865,867894,461445,801468,668313,490660,121150,69911,870585,668669,655477,93239,571389,506826,433199,414492,344535,267421,871493,226890,747691,397476,84566,790486,263134,983951,579442,48982,26552,536576,585401,856928,937932,644665,617280,212730,75162,534876,469652,79930,222054,923077,587028,41434,913121,46242,914283,774010,243974,127021,247179,487366,423090,555595,799518,243385,859578,370550,408262,578394,407187,205058,540144,284415,308601,748775,85515,467750,963575,719027,148103,255171,82928,347746,281625,106898,953357,356245,704457,941213,121235,506474,205044,478082,896715,678191,390289,650840,272026,689250,707684,176476,550486,89646,183802,604011,645277,891645,903475,987651
959902,820940,640571,660112,954443,853612,590924,530821,436496,21196,334130,190939,761191,347732,494719,271049,472898,381873,971613,862446,24096,925350,87499,862963,287909,383476,454421,785986,48002,367932,65721,65470,966404,517772,678853,716007,206444,804170,15909,695182,29147,89227,854399,619527,142536,916640,743784,149810,428112,910059,56612,774965,689729,334110,204737,356943,702568,959766,420802,787804,97110,991465,892081,332149,578342,413568,61316,611936,676295,557387,137528,668810,323268,587419,873802,243569,378836,381792,588455,862098,591588,722433,391275,670011,820821,804192,397999,397147,388482,427331,642378,459499,383159,652335,325446,956922,432933,596645,157830,539062
962349,644229,626322,845100,226574,642955,805567,564396,309918,927696,542033,512663,464169,531258,730595,710478,282471,783555,664979,207052,526392,190589,256097,631159,561799,82603,730971,536341,107687,459068,664851,878688,943298,282960,674080,849064,665616,394014,103155,454949,554214,913336,586815,400300,352560,24673,266366,229732,694934,624153,222740,705577,958805,395253,946756,765115,236760,573664,547598,36195,761985,498973,309388,442565,77880,520696,923523,534170,632671,90138,761633,859548,902183,348612,372240,466045,564544,260715,205622,870047,593177,668144,687197,560802,384083,351127,742692,227878,477184,127762,159139,380859,822793,575765,868386,442667,816841,396834,624183,462657
963449,645860,738323,626173,332522,395341,193349,712371,650767,401743,317926,776738,107409,674633,52138,210291,960604,192465,615117,606007,983755,150027,420699,403861,68938,778646,119568,802290,4647,626288,854381,671042,985996,193359,288552,473133,498728,167045,585792,284533,699739,443600,526947,211285,91841,892971,95567,493481,682283,62949,373844,539318,618338,342212,851717,143424,282638,880820,272206,175775,463370,346722,473794,588758,958673,649867,928894,538844,510951,895993,953529,731315,411342,452686,514686,531257,299746,768482,622619,771905,94781,880863,662438,487970,430726,147444,299289,735259,106905,276673,388391,627877,426247,101215,526350,715847,429189,946939,710837,352756
95820,440344,540612,485778,792329,470365,316457,847174,794548,167661,642673,11797,465390,413953,946202,643385,39336,160843,312496,843872,170898,647203,535557,812354,75593,950,458828,19458,937383,729502,909269,61916,710356,799102,563461,172296,351771,455692,133824,645833,363352,698101,814848,337527,289019,269143,341241,58490,765452,669235,990147,310792,848536,102075,394275,547254,551737,996890,883016,618975,471275,440047,777400,692336,92482,748573,816637,991171,173423,377690,282815,64650,990863,706348,378536,861305,228847,473620,375817,702309,53736,577043,947146,486904,211394,310359,286242,453204,755734,352558,544718,97069,901160,929443,973492,812754,92067,228222,275888,544393
898516,253528,140569,21648,533350,591797,581327,526115,311391,992194,310491,232835,441181,465871,998955,885942,615085,787112,43475,999770,208656,702239,962674,378567,705000,453782,558839,178908,175789,20635,469006,490140,911363,61377,349319,180981,506954,523997,247820,223473,459861,235704,300377,12236,632988,540766,267741,321892,35691,108097,808580,441402,333090,665715,20332,660350,13011,447888,365891,18692,337838,379588,474789,102509,579995,425592,591300,139834,924669,464480,163285,328296,380108,602442,184118,247497,447804,48988,392093,108467,496561,709821,99940,519657,312687,631598,414496,460396,513570,203910,864660,56215,14920,92720,282757,628077,204489,212198,807477,280972
688344,771858,269721,29202,567347,323170,731888,632896,309593,29388,433234,439465,866787,79073,297142,14194,632056,739238,461886,688290,310619,346777,17212,832587,10692,917465,178137,828628,956040,607775,521966,694935,585434,967011,835674,50687,24574,861836,883442,316201,3786,530015,826286,516050,753713,467547,879814,844898,702644,517425,156977,175417,33894,25801,661069,25071,686162,62699,156016,755230,953435,894985,386337,43771,770725,867728,721608,620899,997907,533425,678237,943746,920516,444684,196845,16058,786551,724959,563238,451895,87056,422035,554089,380581,444045,943001,238349,690342,370743,377176,893701,352761,413075,914201,724418,719082,71287,487148,38101,761742
560199,486004,122076,427490,519923,788916,118284,597668,343528,137585,754936,534644,334597,612466,310419,779528,492902,901937,886124,491106,59133,435946,86047,467072,919178,144588,713865,182926,299919,587379,481461,734280,294154,561699,942028,134171,32674,728275,10733,694545,984404,497499,109838,566719,248546,29849,135910,760639,129340,914363,665822,857810,682620,293519,804154,845666,478540,768218,499657,990572,340580,158956,995287,639324,118219,881615,230223,782995,355684,715243,191972,830851,975263,174958,996212,391791,707078,621284,514457,790212,79648,571038,205829,513860,347810,996213,330061,114890,780152,503721,529923,891193,149593,208425,787489,691245,5316,411190,659032,339949
247602,979390,502047,109622,392840,849002,592334,853058,900605,227930,22250,607802,510910,241864,668224,695434,595066,298908,363646,93850,826432,256043,675023,121569,242925,320604,147544,688632,610431,985267,112652,239646,97711,913737,688980,761415,538048,587952,995927,460706,686740,970266,191305,858160,811901,600074,115830,141069,891331,242812,473340,989864,814894,683908,619825,41651,927665,410586,397041,291828,233572,993448,5125,248221,528181,776575,132153,871883,295271,744914,643111,104472,465076,773179,195984,506303,262281,680896,775331,144918,35882,478359,870299,828348,14131,707260,25929,20559,927954,394227,676760,46283,544679,54918,486088,903579,362199,825612,356875,73065
498898,410685,531575,275331,998380,619153,802300,651628,515760,190804,451132,911171,802979,121179,330869,493838,501388,655573,794876,485029,601333,249690,167555,801802,177016,21839,544898,102244,219355,340977,237927,94214,569016,627723,558304,912680,283588,976966,772233,85032,479963,487437,781410,255987,982009,460925,974359,659241,112494,586233,722972,197612,213768,400888,393747,475077,194512,234399,885516,58445,273518,250536,613701,499477,711204,140378,768222,68096,356620,660615,100679,642040,883580,116016,318895,294647,128824,526893,111569,479705,871280,742793,579048,304665,700112,582971,351459,513958,421592,213290,145824,816215,586808,464598,638837,244068,462129,726880,668525,44190
633666,846182,732054,50897,499573,658749,111218,237294,87802,716710,936399,831419,99084,429259,517087,344014,75131,121241,380232,390788,150408,138779,767936,106887,916260,826104,473704,422816,388074,51866,40822,766427,626391,177598,670900,766970,395164,548974,640731,840475,921437,166074,284425,31418,536560,519008,788092,714758,888574,795811,325887,338247,291297,273190,141537,567782,815251,782676,970121,124385,898746,293995,28743,109594,391723,604244,176411,285002,489042,589099,723874,209410,944004,721856,374141,448265,175125,671123,809858,105181,151136,539374,915585,20438,358021,952773,307035,423340,360036,347606,602775,743850,69660,681280,343193,118650,21877,285766,207718,528642
512443,89239,328952,512917,338659,775464,278870,687312,93817,739493,701871,478503,465380,140390,754936,823875,109598,46069,627307,899228,84549,923585,893391,925400,245459,436551,372707,81517,368897,647482,443277,823179,862375,100060,283751,525362,575128,689931,153387,637578,666162,354709,298445,186991,790073,811357,718157,622153,862903,92854,925149,255659,493841,215165,904669,976156,330619,18628,906849,643000,781175,13836,792166,42881,536073,851787,887119,782048,402798,269284,423031,62821,970575,277849,853167,376572,647174,278629,169658,725537,201986,882121,852727,930921,432369,489609,280694,171276,755321,507254,479548,388506,833232,283027,863220,695622,603833,204135,269232,201588
380561,261111,689691,968085,38233,244986,626639,81158,449371,833469,123209,930520,932212,285534,912758,737550,767772,639991,339033,40686,549670,954903,14237,653851,423498,545275,893541,529823,228739,357845,45698,72251,18196,59208,155831,326980,568971,35589,848233,746046,702011,120915,409814,163977,759766,528869,813591,474961,130642,582492,60454,377935,835540,139033,242639,753570,796988,512737,4229,230588,528076,334402,68307,878286,794894,66868,455709,495264,294740,334563,642143,360516,996456,589475,740635,286410,527863,111328,752035,935024,68335,771550,504281,31308,282900,764550,802181,409771,467083,804343,954836,699401,163453,976624,469857,783502,728134,9950,402448,647871
642471,593796,105396,853438,683562,695452,517657,217410,369670,876619,115385,105546,616125,154470,364923,290848,157634,929440,411922,660879,762079,263606,705989,359902,354083,482814,325090,980609,964979,542167,360428,187625,369305,286911,549491,212135,542188,162572,880717,975794,516648,754671,148897,340135,666691,729456,47270,421649,300592,69312,341184,730673,319268,394433,899112,32505,445780,467298,698420,511653,565528,635069,513958,768394,522110,717231,453787,158449,241061,906235,644028,634601,897989,619915,744854,283301,747101,443370,957504,915000,266765,109143,288297,38904,298107,356246,898523,264095,366644,334795,482995,12041,29032,235425,25956,724354,347105,879330,522355,425169
553962,414950,29236,429947,324949,142965,893739,609404,985445,716739,166018,859692,974122,549231,22876,999170,820529,357293,435782,919429,325789,454361,794899,348682,176980,501270,328839,482863,695899,568040,834279,542865,382261,809410,27254,757227,929807,573389,752546,894470,178735,260681,405329,636342,735666,301826,891665,749340,156173,105150,437012,847216,857099,455410,410424,177659,78852,995449,252050,162536,39785,74877,146376,855057,110197,656534,316687,619021,273649,857070,126203,836826,648594,464811,828159,843611,292352,537911,194949,195618,562350,604552,283648,150802,129368,347092,276263,810606,815901,571636,318976,163521,6590,569493,525965,726047,391993,582279,585503,604923
440268,453639,400016,364969,367187,360265,606649,827291,251028,95029,366569,87748,304369,327899,746465,966794,218937,954532,959076,552998,610126,859587,713742,666516,235995,655323,860584,809483,667765,854454,486822,856926,414513,847306,415936,91878,922137,514191,187702,200541,908631,963987,441541,740945,926889,47078,820919,203431,693677,261979,507419,869977,458566,80913,218888,695978,472144,602270,947295,525615,255478,666931,903391,83018,392853,975000,31684,747064,504359,577271,758903,290255,90461,189028,76405,121532,40553,515265,6181,178515,843996,138632,538527,436083,708211,11484,561115,763091,476716,979018,78419,475420,164361,188331,978315,536947,582221,160114,772981,330380
594381,422950,437112,150661,470761,831506,985546,192684,458784,951435,83822,75516,557827,113990,219667,56230,482558,128893,611192,956149,41628,812817,825364,907839,607139,921142,546386,615040,871100,249613,638297,303445,455854,256050,983897,897438,534338,969503,167638,290862,110156,561140,880668,697837,634663,147450,410112,836723,212532,980164,623469,730989,755667,33002,228329,468594,849032,697433,874134,195407,236520,720440,677754,766477,986070,434751,10955,520001,257253,793469,97749,170113,876466,596507,966792,460036,67355,656038,658292,456253,343218,798223,551023,158867,831694,753800,469656,271661,492549,374763,493185,673594,231453,294559,63305,175392,584248,105572,350478,909120
219132,456442,219486,293336,676841,82443,667767,75669,691546,346408,883710,672794,335494,417096,407185,306902,932260,161337,996759,613318,583437,860486,956658,698764,817992,926877,654397,869242,895613,546280,79051,539234,442181,278390,866907,847009,957656,804815,925558,926055,817697,785120,517530,258916,386721,906434,545460,365562,360781,355427,872103,310654,424150,740408,333499,994416,835009,742145,530751,56020,611644,216708,535385,440347,660973,108573,983635,762479,283153,945146,288709,771260,469967,341464,59537,576411,546554,210675,870245,454150,787712,259959,448050,405892,524507,286420,493247,870182,733678,205385,847175,319502,495458,686590,580462,419836,722272,713420,121243,703967
989112,254244,519582,208245,856959,732224,783327,432875,554340,991788,855288,466870,619486,723591,409252,733398,312286,137698,336543,24977,163864,942854,189687,975950,763743,509465,322530,179279,193554,974103,637674,170909,868071,465196,292126,391409,150818,840893,63400,167818,475469,802715,763515,298733,654589,725258,902660,96041,446167,487743,918358,958319,909521,674898,966819,353425,921510,8656,929988,95693,636359,449197,519689,785563,544499,9252,488694,423181,880492,44289,751145,993333,828717,132672,986185,481287,293233,202979,205088,442587,981031,833942,464393,113952,131300,339956,659165,946525,529525,881299,134891,174988,285651,543064,669473,91973,248748,201762,64270,870849
80956,731525,902396,177865,49150,962737,700641,834956,374180,847433,286404,310554,746215,767748,770669,49212,741609,274289,973063,623510,669259,852350,788343,731563,25734,34358,337163,890733,887548,838370,434678,189461,695591,301374,510973,950132,532361,234559,567697,675611,276245,615815,985311,864492,910505,814746,178712,383586,792448,141687,652718,205218,676454,142565,479579,80674,299188,814327,735364,895310,904009,713850,390491,236646,886613,622436,986370,883569,77957,707972,873877,257401,747207,249270,401788,703396,978263,296389,807683,894325,964678,91888,38110,732269,75561,369055,126222,738225,95155,618674,189541,411477,833425,832998,663842,572273,922185,571169,705040,124234
884880,471386,773237,259288,793896,421047,338715,137633,360059,432550,921422,220118,923933,200671,428464,610367,337001,773513,902483,257425,917372,887573,856474,769772,877952,644422,104726,343446,755748,557725,839164,886637,976621,979671,606678,237111,893958,852365,968425,709932,127550,985863,539894,334949,795084,460419,139134,741315,785620,915847,770199,61279,97637,128378,828532,230985,164275,187562,38625,400007,445104,154302,681692,128755,185764,804999,174404,366642,77675,586449,327341,250069,950862,10788,897750,100531,836226,914217,228120,261478,857575,909647,445642,411034,299484,933749,632670,849934,950562,838287,591749,796289,923894,615564,768989,433511,294709,779014,745588,527483
74102,532258,642801,998460,729713,940800,576200,885839,760343,223803,294899,257564,991710,303379,929549,951527,623407,640512,849451,600377,518970,765684,843116,523777,804007,888720,488683,188057,691921,538563,44829,873697,751261,881960,733402,436844,672486,991408,35567,452472,831897,340509,398434,121678,762941,569788,947038,824642,6357,167581,558071,767618,995429,642619,462845,368617,919410,15025,242492,829024,951525,377522,751974,178769,964474,666581,6533,67070,532054,750459,758015,938847,538104,792001,309187,421776,632992,369820,955318,414746,304487,312982,337642,5266,632693,413125,235846,743870,575074,442856,136493,414533,342631,791456,576904,460566,585053,81874,678355,355400
647643,105697,798214,669288,489799,569997,190361,628807,732553,385421,950013,711570,134349,574473,262499,830978,888332,786873,493595,486151,793463,64785,861599,145780,754396,390546,791878,440790,353371,527116,168925,555125,73661,656247,266135,931717,426646,500701,701399,290,55084,629629,664784,736486,151305,293788,594429,466911,381331,469052,219883,510752,674119,957327,128037,700039,789089,449886,12373,596929,687402,893745,779967,401355,869206,49051,934851,117406,61875,344053,835730,133333,544297,337297,1580,179712,122932,665344,705968,662503,252570,598013,870096,278664,649567,743957,384748,566344,528455,841961,696587,493529,31928,651824,528561,274766,679293,345246,489393,345622
939271,519616,673046,204989,669045,560455,499184,554791,807335,647876,263476,144238,955533,524554,945251,864596,625280,303406,899158,290732,701172,77461,115837,252059,71557,401661,825349,544445,564974,379737,769205,878190,901518,743658,392097,675699,386056,780694,953675,37748,199003,44650,952189,783725,481170,493254,720807,250023,608118,799008,137977,192985,252907,845391,486556,115336,207988,158021,190517,779125,609372,176732,962153,969401,347158,281338,506629,240171,757921,63906,413738,515333,737065,278212,144951,250491,955283,115484,206268,854615,392478,467540,633713,189737,556974,366508,717961,658213,636875,859535,416658,270016,274498,878089,870446,295094,315354,565162,834375,752086
62773,436844,525366,536049,351136,508258,853198,79271,325235,568206,118855,443915,82079,244443,359873,136925,895041,331111,836699,108524,5054,66218,483256,772359,517437,901287,792832,643857,490531,608413,236261,267702,367443,546223,80760,649546,805886,484983,862481,465375,952256,16571,957978,263642,767732,602744,634821,761226,839194,841955,353940,651168,344201,914095,410288,696344,643701,764290,346891,451323,449025,252894,290517,71629,79540,134491,900114,198855,209161,971242,920163,681021,866373,712101,80134,173169,131018,335809,601133,238847,95923,30644,362282,233577,722479,548010,297287,440655,872347,133664,641580,844710,372733,546489,159855,215773,353600,381427,329354,735878
512338,668646,963560,567007,888448,128651,101775,640368,186677,702200,503456,26263,409653,237857,568265,59405,765422,583942,368390,171778,228821,13118,31516,326704,246640,199114,369579,630639,671606,638892,939939,73699,269668,598397,580686,993181,230519,755009,823540,749956,489303,509410,903151,881347,934075,995734,571363,389310,553487,149166,866838,373798,890297,889322,432959,972808,107755,85624,80420,286467,682995,492380,412406,451820,602247,371625,881507,539950,663264,694473,891755,891782,403536,308703,111142,236998,219704,946100,160522,354075,801575,830450,597258,979910,950672,308032,908240,16402,668971,512721,651792,271518,672988,555244,633947,293465,713212,842117,586454,505296
474583,639241,960363,744098,836772,500700,729565,521629,385316,306579,894715,696281,21770,458694,538949,574776,321830,710013,594056,204081,523379,540883,720574,929647,118687,691239,31349,891972,250894,556392,587813,63164,569545,937265,228482,676570,204328,647951,18006,912230,133971,70649,387900,664511,163002,975720,171400,237166,522132,770573,529552,465845,417596,547299,475238,996609,110750,682357,863570,662276,627159,76302,732536,345880,483710,835419,395054,42173,378639,506969,290387,682861,623593,164282,946537,151556,971848,928459,599783,140630,320259,966758,248870,239965,993296,253544,503829,933515,213936,421782,7872,191816,866142,488254,263435,599573,675279,820427,660186,392881
842533,761632,944504,774398,895057,99236,32892,985275,376059,776268,192667,741309,361318,886066,664926,946909,289832,952886,680682,129233,967456,834017,370145,174965,16566,426100,207336,123410,531854,380919,58682,190264,813555,833345,289458,254655,73529,893165,485114,868666,146904,163127,751372,490455,720246,351375,325159,745274,866288,171375,731871,96816,498066,877790,991144,493584,232533,445517,835112,275357,219011,754317,289266,62034,618311,739287,864134,798885,493431,231309,231754,329554,577803,384227,698875,180245,636229,319276,555024,666260,949921,170641,417865,119225,716307,208708,818019,631799,387792,578584,867416,489804,357623,55970,23321,920132,2306,760051,762330,764177
93682,652442,765856,443575,399594,314269,489992,943660,127360,692315,818540,42419,381547,824396,917558,549223,90397,800035,633180,802563,800673,244335,472532,545551,583502,330282,75395,119495,635013,737176,947940,660419,173926,937039,871797,611778,110943,428814,983392,236861,601261,166173,95529,298113,410383,425616,483337,432129,781146,331360,571847,403711,967482,550940,605965,323002,235052,939149,246052,543505,19386,86313,549574,224292,905517,752774,871789,724051,816231,928726,630483,200234,343487,33356,225791,796477,533575,716230,457640,994390,477861,86456,112263,401544,235931,641764,13491,489158,83167,655715,695225,860679,161988,85512,30109,271931,633666,606732,463209,154880
344985,70941,484068,657559,542364,46707,458036,134032,656467,184856,746274,546256,269465,339802,723671,335242,346038,708977,152902,75406,696725,143051,13713,22794,947570,106603,86663,298608,508147,743015,822591,643931,50440,3136,104497,451040,843797,847925,897479,933022,185194,526891,324869,916590,703293,860390,966742,352350,700959,148030,256245,332067,669793,604170,382127,55182,497908,229854,230565,312330,963618,763587,604480,812372,573519,802596,594770,507798,234409,82678,805185,317003,82628,906069,85508,636580,40109,458646,536293,59536,67072,527650,580688,511419,15164,472365,874981,706178,266347,94171,401174,713461,353359,423019,980565,479120,933195,462573,590844,663540
47796,302017,26963,553978,225995,602458,322984,721670,900859,561812,292405,825628,727746,450407,172887,398304,406018,778157,685452,699465,16254,660030,914951,312562,428221,648179,239746,205742,168471,320294,265050,755383,42820,617437,432131,102276,726053,99972,44146,916647,152653,135678,414638,563820,616233,374915,834811,24068,564048,892773,618881,928183,628301,562285,437327,956354,350163,445858,433752,539992,5367,82083,270048,567157,117101,753945,272455,175255,880592,841511,711748,543331,518682,985594,668130,747926,235649,626795,691802,561681,410396,848259,962661,831539,861327,468190,343864,981814,635473,10411,337685,438189,408459,540521,76011,519459,977818,645674,554318,413079
213314,151626,763663,418514,485311,414670,109384,604549,748694,917113,994675,306973,300034,526983,969553,242727,368475,411160,601567,848276,922648,560313,340848,151968,307252,765128,368560,814271,16965,592870,137339,943072,727142,897466,776672,604749,776136,46342,518101,247578,47025,328346,624113,534612,719783,928765,608332,355364,558846,339667,471380,619214,887937,661584,499202,896124,975099,637103,326625,846845,593092,417099,978302,933393,667744,61070,347270,997092,493717,920963,587617,885337,753665,661660,53899,882691,51149,68963,734241,386178,870713,154774,135413,421799,336301,860882,685209,647005,748734,960027,971564,556841,307969,588465,954565,466377,927182,971666,200141,555740
553144,280732,165991,948341,154206,24277,104644,67900,708374,350865,375304,648035,656422,606305,304773,338409,290309,802361,133746,114628,131016,716064,366808,582250,502176,620626,838033,577566,997087,206693,784340,733620,886714,920399,154789,432617,632517,865716,992522,638348,12536,325948,241633,324877,93386,49268,955046,562500,479591,189749,184001,583541,878249,8408,295731,216733,8098,956692,583214,340515,882202,588106,568185,306492,222824,118451,427832,628991,446087,519227,912353,393370,61257,758323,986782,774229,198610,983275,97650,950696,812170,77672,702972,492008,602706,463551,16896,351122,350791,225049,71732,903662,969460,863827,805413,567206,533195,803793,599516,606671
741010,547083,780041,457915,268105,138694,834199,213763,60523,547102,161302,691502,689924,217678,920372,222255,213479,615820,501657,927016,717388,645118,489163,381079,222514,322473,76562,623156,907672,147905,102586,662090,760828,101392,154492,116589,995887,366483,918764,195409,587658,824537,249347,881597,605656,793356,611674,186132,957460,490926,145403,560271,141958,595006,967549,131185,454548,448585,987875,567037,500925,777009,497580,661643,101773,980779,159460,913379,289969,588496,538604,753151,60807,519376,36809,133638,928759,532762,938816,411294,341410,501882,133296,44505,365159,173144,197930,948932,462025,243952,562603,684947,121447,196968,173284,704211,423853,122418,273093,304906
418170,305555,48512,369708,599007,214431,543199,139809,50750,851004,674262,17776,486493,544255,389992,789672,735424,646916,98937,155515,602612,106569,435762,254769,877318,196544,576519,467234,583316,316147,305107,709862,64457,823399,656533,107153,554681,904071,423877,930306,280650,975918,379380,918576,864754,528017,512609,674357,301221,335561,819362,630525,449889,977808,797677,226757,380318,482506,601129,311684,807351,497118,680998,762208,307986,44555,498749,954167,410338,85179,342936,423203,694878,713543,369586,136395,16798,493931,848916,14330,823635,795643,128331,22463,323307,290403,609541,894330,306604,421370,884224,830627,417934,193912,969152,5710,684187,621258,448446,273979
