956860,945438,890934,156578,564652,36503,182207,584434,382343,547070,964122,850436,601465,317271,133518,968734,584808,532362,55197,96612,768820,470427,100184,177752,43692,345160,662750,90888,90944,680782,809025,255609,275549,556047,296214,149918,772771,817994,262359,873137,663104,353058,646895,544315,730321,206447,880331,122841,73436,392436,666588,305740,109992,290515,464966,724883,963918,545073,469010,228066,25365,823483,36458,636433,701922,794954,973540,5720,76512,768484,638479,659464,109684,197866,888596,890732,886545,637965,12378,825262,444151,21153,680741,696161,858276,120558,610586,30573,256909,796944,550527,451395,643462,229431,207458,805085,940089,787860,902324,418884
997732,376512,197167,532957,829174,653707,571750,643410,580743,496388,363632,690854,850142,936921,240950,800046,316313,233165,687588,366334,454024,762694,729293,947341,602205,758246,170115,545108,656411,10704,608252,78591,411119,219303,860148,215028,574288,236439,270221,891418,291324,809065,547057,773827,463054,895584,599556,699813,748547,648788,540402,831045,681997,683516,841275,406319,382649,984506,976802,298021,459309,229321,266679,741003,816596,863616,439424,175648,870585,685877,676101,486689,501951,275900,567294,44995,575381,311677,295652,836127,181166,889284,104583,543898,61583,827133,340057,356708,306115,503995,315643,173611,563821,495432,182620,703478,929458,548347,677563,184461
403032,670362,24663,197065,623643,443859,556564,707508,966997,872749,828871,915350,252916,414130,455615,571364,242188,961634,686858,170336,902891,669306,397177,212173,279136,154946,838806,372107,611836,281674,470247,945013,474643,656799,692196,903191,251694,203840,315693,930252,90318,780826,804672,592775,99057,115964,971407,754015,473628,278113,955379,713551,403070,455948,452850,256613,623101,303004,402625,685603,931338,76828,92896,967664,49744,229831,773324,420294,763221,500562,528096,488314,264785,265290,971735,417608,250067,333933,74696,281087,57402,551696,144671,910154,896959,670281,379815,71683,866819,935316,980483,470652,531890,525037,638381,397254,615581,504995,410633,341511
197398,819127,696489,126207,703227,585609,85590,7779,176212,499985,54901,527117,101535,91688,513831,675467,999269,911851,505315,156387,153606,391068,85093,656203,467441,696668,614507,675429,424070,724077,479911,751175,187632,11080,553935,328011,86727,750298,490240,902543,865873,361223,228509,254255,97769,596031,526592,750262,447602,682624,757668,695154,508860,176704,651249,347838,495610,812029,392542,516932,272819,635739,323710,665475,435023,714776,478597,639592,841103,991649,670133,695052,556889,646328,449444,636507,140267,488808,514736,841874,121316,757075,305115,885128,295769,258993,501764,832798,910604,963321,755365,255417,551880,229554,294271,22521,675804,822122,123881,817569
645480,345962,406201,335656,95140,110448,167892,335290,17607,897646,212942,865532,142652,670794,940180,20549,272424,336458,152352,94228,430160,197163,295123,165374,257032,416967,600394,174400,353396,618792,472514,306289,913933,172346,717677,528442,331186,391250,816160,629365,286264,313535,218424,531493,815093,482664,880216,557855,554974,979789,61830,99623,228728,25881,657639,314929,245752,590185,43937,93139,700514,252605,222293,223180,288753,923487,417431,621341,2541,177899,921611,811289,20191,793540,626005,62604,74108,629749,645566,766670,989465,562461,813254,627085,892448,898038,323222,779522,229552,974124,386491,131618,231899,81811,971890,115949,628031,919774,988735,994512
600116,706635,809628,409708,745471,860369,249033,712684,737927,396021,660302,177466,931698,406502,31303,624386,521569,191449,534411,227682,970218,78935,690659,600623,75281,8352,592057,651475,603082,796896,183925,905295,336757,732625,921770,912914,521728,555232,905789,403469,993590,259970,535587,890474,152049,888518,458325,977361,49880,572239,637614,855764,333476,495497,270569,980354,551792,283417,398471,462400,886659,108874,683267,443007,759093,154791,857179,698083,984837,137761,220483,471236,174740,354234,682450,873641,28205,897325,106632,416752,426149,654415,91111,404395,253512,565111,520233,314024,77024,157456,317922,316486,584003,902645,983583,203931,814977,329363,720778,604267
881822,506517,704855,518502,588573,831719,756230,304032,692982,348751,525333,347809,487835,801645,198130,270206,450172,708810,969322,909677,920482,670918,827365,719817,941442,178024,661426,279611,953029,580273,20719,724433,150629,849206,778604,238415,160972,86200,185729,701612,246242,490535,995311,359316,838148,155658,481162,808511,784385,321918,69412,421765,663659,73263,267796,349835,8252,538982,290357,425225,481914,308177,983137,959951,711323,510910,299370,382197,417483,532312,934120,879017,578859,838514,830381,486404,506296,322720,875068,578421,774303,292493,353622,924482,198882,961541,720594,836800,206903,428421,866536,14976,374520,631583,233837,918874,835084,728795,445134,710522
327140,846665,419654,554648,222495,14132,371212,862525,973610,877231,24156,200791,449130,306710,568802,517613,798894,275839,172502,246336,634297,737637,507757,335512,54762,96481,415237,390831,412756,65819,263705,345983,500011,442153,438136,741027,438645,59966,712418,353324,825199,465900,219171,452879,551728,884070,741109,840737,128408,550020,12622,253670,116138,152330,50831,742924,842158,862160,9719,867426,347067,889015,79113,583290,216417,411311,737425,377614,39384,896935,987872,346305,567423,159438,724812,48897,544898,161606,838811,726639,232846,94644,25751,103293,190308,560512,439687,2588,656448,28031,467673,535759,276700,446917,909640,722954,906433,444373,457013,480364
58370,364792,52659,791092,680522,567786,977567,777747,733087,92832,529600,71175,957001,280749,596490,464947,783288,257739,402517,216173,500925,874531,324429,831339,59362,354984,505067,742356,911926,598651,462463,35744,358350,539268,234573,548410,452770,512458,125596,664958,678455,262504,859604,578069,424608,118060,796934,867894,358469,995127,272013,751766,123197,263445,636463,557783,739899,151329,980669,494663,594341,567450,117957,119846,477025,296911,929694,51890,726787,487342,753521,589138,623447,503453,964837,910768,351772,242537,295141,550382,411762,728611,497319,396001,303561,319970,876776,862159,528850,534861,85086,844702,332267,179650,847386,234859,483487,815539,798780,353687
926951,660029,266141,395196,582084,104066,978227,96467,608283,609924,298207,484608,143744,965742,483613,271343,913252,96248,531457,377212,432260,316515,41008,126097,360405,420053,229,266163,47823,601891,815215,961418,669787,966488,998169,642581,244467,233694,498503,771334,540683,986269,221988,53518,389101,422449,836135,155586,946692,918371,147444,779118,196782,13033,171104,930196,967068,444080,862880,447104,175825,278593,93751,652165,189119,66715,679002,127446,428024,593705,425141,83969,696392,252263,401116,16810,817784,529136,471051,457100,7200,170642,47594,875768,34581,711102,49185,121429,671426,239897,409,339967,877206,278623,148704,809593,814995,464263,76132,736225
684177,355332,883457,230234,221133,676507,723232,16118,668917,281417,294856,194397,183714,161720,657576,6628,162206,680964,398691,465516,926254,983949,700499,395640,926371,185225,563544,972459,580497,654654,706478,44770,121663,189785,213528,621337,143961,210733,568893,784450,97789,114272,161931,759614,194620,754818,42107,557932,914243,228636,228677,604598,162735,852463,386351,124450,451021,137539,588883,481119,975973,98484,910669,29537,407460,164640,464953,784334,884392,27131,615161,539909,540738,382664,412715,325164,190697,311339,263457,279708,660931,334078,253984,645557,946407,340251,949556,759531,10682,906947,698528,734760,718951,102679,522708,785120,351633,151447,64450,967480
459216,756991,732395,368972,482978,517730,561018,120753,419007,28776,928694,366880,160618,270448,625613,558470,171609,524606,104436,201486,40800,899133,263999,367140,477595,359869,44754,351653,378339,236035,615620,250722,472086,566716,854747,617670,859549,368749,949746,447239,924838,145995,335835,794256,435242,478808,817397,266141,155461,477918,825027,966487,598763,536809,918604,1587,650387,505404,247818,626500,999155,928282,692317,661071,555453,414341,26504,52957,34811,581235,140011,673470,924810,640284,541843,682741,410692,276828,336014,914018,734619,364114,563372,712086,302802,942440,692616,988807,269357,996433,830897,246147,400823,846651,904686,394745,896070,289348,40640,500489
231732,5725,272998,887924,424007,178801,684775,685246,122454,240101,610666,634535,930011,612792,297281,272644,344974,872733,121020,427460,440487,483600,89724,6357,449217,321854,913406,247415,690145,488423,186682,267974,511189,962479,845093,521413,643645,436320,244985,431889,299557,308609,197241,305755,289817,623038,769841,540698,77679,830722,861930,759379,788007,610473,874199,562473,640374,834437,517927,184380,275397,896611,687883,367866,241895,682682,676739,496722,884875,193803,649190,747849,450914,116699,380793,308047,62102,597240,536057,703562,174613,353517,575263,814190,879826,455475,936007,896658,570729,836900,449155,577389,816945,756448,724248,591524,696347,743973,849276,867795
71422,307276,31139,892462,417539,222676,883511,633744,742492,366314,427965,43875,746875,850249,429402,453872,921715,379448,683644,38935,553776,676463,401981,666348,505794,450198,556361,668915,455230,991472,822628,61974,228899,418916,403388,428994,919309,198873,272147,651606,563523,869693,169806,574886,537446,461864,111665,898159,349081,756190,816495,350367,481809,794028,246257,816019,90565,346788,11632,812353,603878,886046,14411,635768,252009,980478,699601,647233,97099,978211,721437,645505,656000,122064,122020,978576,798693,903106,938446,131277,306025,437619,282430,893796,898419,278258,213473,655728,563262,419917,821799,235448,423659,84811,572985,966759,523393,651147,630683,997815
89983,361471,128824,906965,737474,487908,43466,297703,59904,362917,231572,593567,944782,638686,648931,56709,555060,72049,824847,767720,143597,299521,395170,164829,578101,931977,890439,342410,786555,628340,678261,521971,688232,262153,362098,192191,734052,466238,268133,506399,79555,626439,928015,139990,17331,707785,950315,558100,693185,335540,624627,687131,929721,76370,253006,285022,419599,664854,284893,444364,17847,756517,34013,235532,101684,657029,696326,32891,616145,112324,908124,70055,19340,376176,485570,888923,160876,858681,751960,972598,68478,445415,931856,226995,533217,90845,730315,314122,950891,468705,847089,902928,950086,782779,142661,809166,700341,582411,220505,999885
291845,256537,434042,224812,323791,31368,241243,634541,356415,443065,831400,698835,232280,234711,279358,364326,924172,867490,454740,105066,498844,467662,101015,617025,503026,640041,634113,655130,187145,414449,300241,924538,554470,626400,296439,809877,215516,745472,910820,337971,150646,940939,335824,158350,159918,16308,949834,632729,534908,976129,491075,308844,537173,965034,896902,729915,996419,108329,253219,913679,379011,811049,298242,580207,418385,92886,214686,508681,928825,948883,694968,262112,702555,938887,853632,392316,921895,272853,85604,818596,562952,65676,361163,547902,928416,651854,610019,705314,454045,216456,8097,558369,348253,207956,465494,491084,643774,334303,934410,993151
200121,683825,839151,380164,214051,195308,422782,262827,674653,736079,242005,984204,389044,750784,143038,569361,913401,32866,469171,62245,859139,643862,934087,3773,953681,773060,37884,733042,207278,875543,325129,324590,896313,319122,116418,648083,340530,144017,900454,699222,833919,569961,640747,691650,464504,594463,506703,579115,296957,241564,422018,159235,976031,184403,439467,629031,362579,937501,142040,172253,879827,546345,597304,610967,931582,122561,799954,674223,509323,583710,653188,147788,47326,433488,979787,514098,564232,978550,708307,887798,143493,610714,395804,382567,570647,627431,91693,3258,178667,531827,815033,92840,10676,648156,920027,595381,192069,515514,341672,142057
353128,914628,875012,930300,974517,703756,491776,642226,620787,751705,904631,538257,86975,125935,699455,515887,484764,403369,181887,887941,483865,496741,226751,452865,643733,388777,20335,874096,552673,804202,755036,642132,279403,287840,334029,164293,407602,382909,313004,895592,812613,417541,136356,108145,782710,372446,391139,469561,170936,442149,781549,778486,130957,793054,909933,505574,242663,797748,633542,141032,772831,605137,654861,330017,835845,965928,342031,430124,311189,808933,730164,733536,503067,131615,144124,14398,611102,139783,638726,494877,713420,110466,364606,408127,102369,359744,500170,506883,133127,529543,350699,713922,734018,278549,282348,858926,995755,677269,159699,527865
455448,228718,519807,834588,392089,270573,95096,177401,397571,616565,479500,74781,858753,400835,130641,23066,367000,117227,2067,638638,163814,790294,726159,423721,373334,158860,880658,437697,572244,252912,107598,488932,687166,921362,793782,596231,553519,389742,24616,265161,717585,887354,376706,769904,862611,37025,12236,37331,886127,907584,291329,612725,595405,843109,13186,596526,943431,59079,112419,491712,889705,653967,448033,156208,3830,227385,363512,335713,734854,674981,670538,485211,933413,796465,219283,28025,545184,69819,646501,513216,954546,188525,137328,228315,989213,413721,993442,419500,766237,325659,675906,837307,430534,642584,680273,432400,130152,659038,95517,934364
689162,138654,275306,240106,304631,346027,208106,586780,549455,433152,74227,225366,178969,916082,820014,481195,883457,146420,451973,99976,448282,269936,517788,347632,254154,758908,249794,886311,414546,205695,836282,546626,514460,705295,530579,644221,138338,297767,678465,824218,96719,586470,157841,306807,734517,41969,612242,774087,493338,950291,35800,277518,338972,328780,366868,498164,71651,626744,136988,378548,499895,787993,908144,861679,795410,987432,133015,892203,417153,710933,862307,224024,767397,570258,123903,143822,291153,399585,369852,744050,25132,751609,194069,235184,237613,651971,654896,429312,404683,250308,527715,503143,434191,855597,487012,394329,505978,62546,440611,17924
328623,742783,239746,945656,350947,731437,823514,226110,661976,255934,144818,40834,659850,289905,314934,462665,98062,388202,853640,214083,332027,754947,53161,568278,127553,444842,507440,154334,196982,360608,98290,470920,935014,850866,384581,19185,319197,547741,560150,725805,161988,927218,105241,486956,543570,393992,548031,700730,878054,532450,833239,976545,945533,684074,506566,924917,546171,974325,860993,126083,552031,757949,661334,935187,128136,200495,550261,359960,542253,866564,703686,492736,650912,882260,622409,420173,671507,281512,645457,555784,323598,279271,963454,884320,169980,605148,262242,123065,966607,629637,440636,237234,712020,417123,641541,229162,220562,941857,932139,482131
663727,318188,297508,358130,154489,651055,493412,850721,614950,127994,131237,427033,467779,755873,680695,23141,53037,20413,146569,354076,284499,591950,251118,272412,143872,834614,913769,355306,189492,535388,848240,261606,7841,615856,883297,955964,551671,797059,204456,508207,812297,555891,420392,516276,894166,886889,516501,317706,273198,966944,614286,858342,900218,645921,60898,356936,934222,621472,386754,13093,976432,358775,206078,781466,452827,845588,745040,366131,555115,358277,44442,560554,853967,292961,357589,935331,890210,541678,611608,384736,950762,213010,753772,278995,37746,145427,353743,668065,268273,100874,256911,208023,34558,926726,706386,988434,552075,827303,499602,796045
522715,821885,875961,748153,89720,945985,757732,12239,858071,817049,783954,253537,159779,894482,948526,10614,428882,773190,989590,391816,473721,10046,960539,699577,849355,862501,289852,408313,893537,624240,284015,952630,289636,567516,311419,576367,7583,283870,761995,889514,828121,664779,639877,741531,893609,347440,885460,84026,334062,33672,305105,228958,861516,7011,745536,577785,784632,329852,790855,90842,518128,576421,165150,948361,738912,278994,996148,470011,992049,974048,155583,711337,124433,335308,934192,886285,437428,75663,743083,288268,41406,857373,918553,356120,132928,917963,761830,353834,637752,876335,83382,885383,614586,786153,881602,934820,894338,330292,628148,138378
613705,622288,510337,256416,172128,431356,492253,479298,14983,675226,146287,621312,831511,140931,280847,313514,519397,527304,537859,649092,508232,785191,461245,770660,571645,533431,374761,402294,861162,159020,170432,921651,464522,541588,693633,423532,19494,435025,284296,273611,343260,18309,344934,136771,254261,916387,8370,489272,90962,301975,785061,453082,547816,25423,162322,480427,894711,38198,281762,21081,651247,452900,105949,976704,850082,319081,301534,34626,788068,972873,634245,242116,39144,946170,178538,951715,127868,570785,112238,237303,300126,878742,612173,501749,511666,47741,648362,267683,312235,140371,897572,846822,569068,923980,481475,296352,427245,966600,762731,286848
122234,263933,573943,637889,229202,555220,542514,164364,400027,358115,744737,735720,244670,419285,463137,252230,857908,34944,874014,696960,502441,788255,141279,502913,195466,63390,920816,124641,925359,904897,906604,526090,568465,480090,164194,494309,686460,339500,52008,199120,348586,679431,882299,477464,398984,575701,543815,637314,882387,302797,269648,515489,443512,369344,608493,562605,31649,818608,443840,876970,968071,812766,399972,231153,266294,836039,551302,718250,6403,292896,935432,911901,81284,312389,326768,927312,724121,368240,430164,283554,459396,240858,281704,363732,628127,223029,220962,261126,831828,305094,118814,655044,502534,16596,256839,255442,65947,45114,586877,137629
690640,960135,104710,459562,924672,396202,311749,220863,239060,74546,63330,637291,316030,554907,643527,120747,463456,892658,664396,592119,527202,625499,426784,300295,206274,611603,545002,934744,41202,273355,816325,436636,18543,392670,968461,473442,363451,959981,22166,313080,308205,790543,228460,505525,727702,855848,202080,935663,809144,25742,20261,83370,800618,865739,185919,816190,176246,277513,793835,198459,407064,65387,333533,533724,358107,236467,351853,712851,904119,953200,81542,63925,358152,699942,107714,822997,128619,197355,349159,679861,606774,619075,222827,823864,318219,1589,98301,853530,314260,233600,304588,806526,49192,977488,987324,53235,607938,164598,668264,408736
307100,596311,592486,668303,160050,178635,756257,590287,238905,786159,237734,455299,885405,574172,981566,149701,987280,336324,59769,830183,67286,507827,867839,147085,820948,526866,50906,23361,39511,943807,174480,810358,728844,730898,131865,609909,148520,65639,626850,360880,478856,696868,208934,266484,393209,656245,450531,289307,238010,834858,905386,856541,119969,739541,292148,201738,119155,122329,548962,76204,491551,56431,988095,744044,491928,207618,490234,861836,944144,945043,619940,499025,234704,326505,217950,24208,731181,923018,30101,919308,759237,139195,897426,377681,158266,725537,757413,707865,706672,847262,825219,514676,843647,546179,671333,787199,393461,948814,833558,216225
208321,379235,346302,318511,920777,564602,266965,107129,633988,177506,101708,179599,101795,134167,337964,395438,178867,57415,485715,235238,106814,80356,114315,220462,430539,336159,981842,984735,562448,33436,567656,855689,317824,522788,816269,861571,780220,37433,671465,275030,83449,696491,898555,532853,73156,550165,257422,147210,424668,664974,19945,712629,804882,184537,164046,338775,282193,337196,499981,840238,435446,91415,836783,617656,277397,301089,881998,435753,144992,577459,691394,400824,812996,590853,767969,49662,977710,498794,563054,350495,516670,246713,466534,343538,360893,671347,628880,279961,610524,69235,21843,377595,542599,397828,964681,927437,700072,945499,863418,65301
739649,882688,9957,785538,353928,664483,712347,863186,868677,888299,160130,59156,313454,102401,790662,505710,59152,854288,108503,174185,656452,243760,646953,483233,244862,850475,273241,853668,192312,545390,41919,525033,554760,300897,192973,53666,982121,943659,762399,880649,560397,813491,466531,325602,995634,860816,661030,788060,665597,797557,754704,920000,258618,701821,744033,673722,533020,71759,257190,256097,312974,857684,586570,249911,696028,7255,4500,569622,648070,12772,286484,294830,684486,532131,750584,257011,160402,739832,101497,629564,459129,426734,35977,988700,672326,267988,440778,512962,691141,316316,277577,146555,417582,498898,962014,630705,277732,834451,206440,522202
136493,906812,410762,796168,222192,71153,347659,691351,684063,15729,905690,242760,726581,158652,541063,35932,829959,441826,388919,88564,809026,101303,398392,569270,748254,794536,39206,276332,306417,781520,108585,930652,636858,540680,985828,661619,302667,415643,115241,444456,667806,945468,409615,964743,602937,628819,151918,348737,334641,621651,937953,461665,552997,904138,169410,698202,336159,280894,262486,30683,889712,189508,668512,565924,208717,518845,609434,595503,214529,913001,982559,542540,886895,715655,393369,753728,784479,771947,91653,972855,786545,641519,282757,861696,925607,39050,172237,958660,274840,666913,140240,661288,543098,12566,393740,402013,191904,891701,367987,662306
382923,368893,635796,749542,334549,244787,80749,640538,268020,423811,455364,104009,691470,815023,42233,590204,391892,661195,892851,242100,833199,191577,38561,322221,779805,619635,684099,958261,828971,758460,426411,5852,560551,816666,736327,597866,740353,529806,618938,343748,139293,878472,162101,922368,958560,622392,924671,183683,446501,38972,66018,599706,899816,789815,56656,253313,108937,460886,589505,384880,597693,300770,151502,221404,929101,56581,962052,863293,891801,714150,186029,16731,303483,629990,39642,462762,502063,282464,230433,749094,517361,18394,246262,673224,80771,230185,494144,489579,822657,458077,166500,57735,596024,69326,344153,677403,259544,607020,660227,480886
451015,428021,540601,794968,206803,164586,869763,940816,459066,401110,579086,112354,255783,857223,450209,356223,756316,440012,559190,888906,169156,149792,254458,774090,913094,942344,434031,170195,792235,150606,330708,598705,606784,942563,672811,36317,319929,688949,948448,226454,263516,461208,658505,117234,640908,66818,89785,255997,331002,987503,777587,443515,759856,314316,832213,587488,657564,973260,183699,131113,735111,799395,668783,41219,804673,904657,27696,540303,552973,173643,21589,396633,250335,756782,996132,78043,57453,143563,613170,529698,742178,623892,772976,534661,913943,772650,375889,292573,617291,881797,311228,703417,870191,386309,624075,279321,277030,295268,699586,121263
204461,732274,760692,171754,647798,189329,62074,827199,450060,211737,691164,823698,268489,819634,258725,279444,77831,301523,17408,626797,366574,377405,736777,228054,916102,366265,752913,197259,506887,240772,840669,911663,30992,46396,173553,67931,316480,311113,24933,535631,225013,747012,403979,589387,978995,365748,997201,495317,485107,270773,877939,748042,168878,822601,654517,342057,993087,54662,801506,661707,412652,949930,606463,912478,243962,95445,139884,859878,81390,84835,452881,453349,587771,560852,74556,679282,299557,484704,921497,19157,873856,580515,97113,391655,834021,592639,799776,945255,514889,270578,881268,250354,970559,504038,601713,873951,815448,586223,271324,491821
675864,752056,701407,649514,316915,752980,503650,74217,651858,46,870614,322968,679832,542469,54951,307605,556070,108353,561159,699599,116991,394789,703482,429463,514117,249339,277568,359306,200161,888793,595914,692055,451672,949515,398856,3707,400675,297711,368225,216431,271501,623711,373366,344234,986946,540408,243103,978794,781006,354338,675570,583379,104930,88557,802863,488645,86073,459977,973649,636240,670259,926307,649887,293761,6667,927695,540539,124826,724016,316989,710299,602739,8599,246272,566271,404490,804000,70835,221711,800091,853677,384871,848539,31330,846852,560000,889047,343061,263567,757806,450224,438604,715922,847544,81016,200719,487376,169573,187631,199109
97229,27957,696332,596652,73106,772087,211212,248329,973383,724032,436675,282891,480570,741641,494571,972229,212815,192443,498888,365809,171849,5747,219030,773634,879536,878359,375467,741907,703852,232298,385758,345119,401401,970888,602277,765690,474252,107534,297570,877576,762565,557887,140902,261822,148495,822803,988056,950495,203094,183963,368336,801246,5735,8398,373084,644573,196781,696560,564115,293472,533523,642591,158570,597633,332166,726160,337095,311910,866775,400710,213000,135627,853939,863126,124547,624287,388690,162222,496425,899411,40958,970681,861568,70528,380962,294749,150069,124134,719832,955824,740049,404936,680289,13448,874018,283001,76559,556385,995047,636793
510431,146370,335991,641213,357034,528974,894175,267539,553546,200690,206955,751742,622868,849130,14757,308251,323292,244056,861070,957986,707893,463067,946884,252549,341037,672827,73880,746119,239512,658083,771367,870707,633237,957971,406763,91933,350725,908940,655536,363928,711878,494072,884794,960956,380028,872375,662912,703824,506331,646801,757504,830534,906627,836714,703185,117474,598319,474195,791837,580215,642389,704307,218378,69757,422840,727707,145372,910043,488077,31377,3571,719868,205968,680010,995652,866114,264147,485635,615939,325377,998061,667512,509203,898156,421009,791768,20502,243362,403493,715560,62582,943632,815103,339766,694105,552129,735375,849789,220034,58656
286086,613690,274116,173094,361605,593763,2426,449055,984618,451074,329663,99243,662137,868007,428138,744088,753278,754454,354716,33071,411386,176980,723031,60024,308586,893918,961762,285839,216616,282682,254535,376519,918915,443750,497257,859714,401900,57790,153641,532141,82622,770837,708494,440488,182034,940838,955646,37806,980670,970136,992978,334041,39235,952757,712111,575793,738074,949186,651156,721866,549800,601010,856997,793529,693154,517856,94679,267481,607383,89046,732368,284639,571089,352172,835519,499317,933626,728696,333389,94348,631798,132039,633795,252419,224174,833724,708939,214282,143856,832089,158954,622238,28151,468835,918241,999886,69245,883591,489106,85708
992594,384887,566741,347972,967478,317993,348389,187608,761238,318632,134608,444943,567433,800284,509488,265680,644439,572995,487865,29791,890054,179114,889615,984657,393369,401092,644901,538727,280456,373152,761721,208139,250864,131818,646412,629470,782782,730088,726721,715643,879387,596164,930230,721143,498656,956768,73959,296255,863089,609854,726334,506900,46576,27074,334136,219818,174591,783769,456463,951500,556016,78833,615090,829839,852585,20532,437326,113200,568864,844466,664116,242144,983066,849022,610860,7507,842846,940721,651328,843657,269162,298259,131241,48798,532844,693875,325805,566140,80106,900553,992266,918432,471736,394528,591071,769435,553103,866254,982766,940087
701025,332505,56321,503993,541898,624936,535602,363899,980568,365774,135064,429940,920960,805297,642469,294248,185156,396100,149009,790302,728376,757935,904904,217098,164812,620468,216763,726435,920807,497188,424469,780167,291105,118682,120406,773654,538243,899927,297181,871122,961175,68328,293943,541268,8963,930629,789009,113034,75425,211698,343295,223133,708881,172413,706250,523329,847251,83292,858122,195242,40755,623132,364932,25291,5906,569037,32570,771917,618858,553345,45750,270154,887433,633592,884351,886932,422045,597977,226147,795427,249837,322702,113763,932682,376570,472627,543905,481783,282387,144211,714514,485967,954629,10171,705988,708144,542218,146984,616452,946013
779709,242682,760063,991840,462570,880200,989342,903538,986575,687871,832649,31283,576394,464853,531022,30303,681119,842663,44250,448066,430068,136031,939648,180869,954362,488771,573752,352526,802134,612176,486551,918683,736876,321522,685200,213484,643686,276329,553966,374698,504655,207588,4532,346785,634671,384818,903715,706417,788449,16697,165697,711251,134447,64345,105120,132526,241242,468840,964912,72998,690315,129373,412446,193331,455292,154980,775892,719876,158897,873352,531539,557887,201710,76942,450771,419392,679155,462405,187865,243711,187540,86276,514232,481746,418485,817976,148231,134096,615981,634789,682002,72813,690734,829452,513385,418407,928560,591831,213810,991061
725235,216374,308858,975103,884528,673274,364558,989722,518606,407451,345157,323298,415513,502258,952258,45174,730966,972619,377394,303104,768275,916603,663247,536428,805298,442697,102750,293289,804499,196319,798909,995992,563102,330107,24879,204650,634227,611229,607010,25966,959033,223769,421887,478557,694192,449116,689999,220536,842592,776473,38220,673889,892016,614872,16252,826424,743739,682848,726666,606985,432759,778631,393563,762234,315980,660884,713393,918391,529014,629879,257840,836749,239920,745059,982348,219542,690402,163074,41195,936632,805171,536006,330129,371131,99153,66983,972049,848570,815708,239913,413627,502190,295066,198289,665450,66909,455138,606879,119340,405106
848394,63156,217110,209592,442096,847715,887396,813916,392286,581679,741820,27984,810206,802025,678293,519509,646511,50122,323647,421083,324,59161,635245,486199,699285,6139,559491,343249,409623,877697,748571,57766,156672,975962,32112,1151,283160,177339,463323,313970,328627,775695,669345,96892,557375,484405,318093,126235,645268,37217,741407,257849,839817,123804,348215,758383,452789,298569,887600,979489,265231,888289,658406,338642,917622,37658,559710,475936,142232,714779,383741,558883,695630,168309,963662,752456,696230,22263,142188,862967,977,798043,639039,10652,479696,924989,720853,716964,648576,523160,899447,359741,896677,981411,867674,820117,680194,849404,177442,76253
50916,695852,829540,886122,299485,673228,944000,918568,547940,821271,153625,339516,43715,381685,971067,763154,210496,367094,585282,53720,322611,938611,886065,217044,845986,987915,949014,914509,556468,725391,878911,319058,615230,463559,832742,850493,120697,51084,802644,118636,826664,823057,789657,544315,295268,842109,887622,114082,83341,51457,293438,177749,291358,71358,206130,459094,117959,285936,914622,890783,959328,821808,120684,160299,799886,386579,824263,103766,88053,967240,684103,438913,29998,619439,98173,951145,659408,121835,600934,237105,85800,789128,104707,594368,981133,987780,15493,484370,269539,640715,27802,405701,28307,506444,243293,570537,698533,605130,135106,39636
271115,816906,399519,962301,469706,653,390275,486408,893231,190237,916539,507581,145399,499319,384599,939975,998762,156341,113728,738129,612584,468942,191070,381468,688562,107912,424198,483870,183010,215401,235991,32209,465330,646683,950651,699802,510706,392265,145110,249075,716631,911241,709066,31071,869069,792922,968309,593117,992641,513252,437424,5260,145618,797787,787781,948965,181609,590325,161542,338584,50873,947851,133049,792391,371180,775474,479700,24838,789361,909758,164947,906208,198658,580527,326716,422183,505452,317225,827511,238898,220128,25243,612897,226773,829088,198553,561064,742674,37677,893194,747226,184232,521733,109212,974608,221444,579539,903640,981153,517770
122565,202685,596868,787821,943156,842783,723601,741525,108120,668545,544785,27525,746936,77637,270202,748837,22905,332636,308812,792550,697027,944934,692587,877384,347956,754212,158535,728798,575657,679987,601544,632005,436800,968007,779699,38523,733448,903212,577339,270365,730777,559450,540568,548149,936718,702894,922663,519404,160871,918912,254372,112713,301562,218247,78298,860965,607357,978379,574117,395358,396029,357647,174871,659166,211553,526328,143328,413446,765888,922089,37103,580839,519459,239060,225253,59939,815045,796853,558364,447148,189468,468810,773531,376866,152735,734910,196386,773688,790352,433894,75331,841110,768580,174040,733576,142857,556019,662284,306056,664908
631339,863280,785087,757960,845766,196632,233774,283639,105125,790269,12633,854625,487590,660432,208323,355983,584260,436377,143675,384948,144469,110229,337183,511596,199634,796816,712529,466118,586467,438392,984555,111817,233602,224698,838064,799851,18495,697178,831484,234067,318300,34723,808212,693027,640478,905095,392010,216207,55498,121492,293844,967403,812916,7580,267881,593107,652177,381430,38216,830408,178446,919593,336765,290219,701298,124237,762527,469384,478430,26148,365608,965395,676449,376093,6733,128989,234995,57902,506973,671375,193628,289398,198790,450504,989956,884114,4660,358386,571825,246743,713007,262999,190930,137296,949515,601265,695427,390840,795074,542905
68231,389129,669700,938450,511137,603066,774190,324329,236187,503067,716340,427362,889512,664417,783581,124843,739020,806358,959286,352529,928239,253952,914762,321471,270553,869234,615351,814312,973527,346791,779261,673658,47983,145423,863333,758647,162996,497523,70459,764670,207445,104674,203563,163199,93847,905151,404251,22976,301807,671696,931583,942207,435947,563193,578158,728631,930444,876441,527195,676695,890998,716922,621727,887866,561010,228557,522364,335202,154645,639499,239542,105641,866779,249513,348168,204853,102811,706190,602390,210402,630226,291060,988348,304992,90079,761073,804713,228803,625822,619742,739014,514233,236072,496694,321963,902507,78094,699539,874429,780553
848797,385799,44184,239929,591366,507355,107876,77236,897286,945071,77335,55918,861672,942306,438386,48617,714262,554887,977616,339737,850959,427139,122748,777231,957075,10607,765615,284646,392777,515,103682,993918,665786,79854,22077,117427,495201,392205,114952,426375,135036,263494,503086,32738,360013,542118,297659,781036,445922,705419,7249,66401,367415,823811,695222,75358,604381,982031,928305,179783,64435,378757,637968,990925,31290,289207,319818,976494,59328,725330,1279,55648,568747,170032,859460,609218,471144,511405,902849,235688,494763,699958,698969,867765,939958,374486,173508,676277,240901,206083,774450,304374,661195,393882,732809,709741,697345,160196,927980,197550
529393,66621,149437,633435,944081,184106,425442,541927,682172,407439,41854,368757,250203,336615,177920,892317,772955,352575,428560,107748,915639,89088,500886,235689,200890,813097,156202,654347,938260,376691,899998,999800,41810,981195,939348,193109,58196,548356,760468,426601,428867,471685,310595,421895,710676,496226,800122,113371,384808,402667,490449,603122,692571,274951,609092,659755,590619,703318,215030,274913,979649,411434,520420,186696,777672,4888,708911,305017,867895,244570,995581,694399,30729,34381,191991,35967,731031,403641,720007,560011,653948,320233,341043,44674,283596,885553,940463,452763,786120,423691,301650,431831,884595,27767,92063,628335,252550,916995,324645,281408
627945,172190,702618,242488,660330,341201,743880,398482,396771,248465,230953,922,237963,517384,932623,328878,182043,525133,758659,149772,639809,265390,334877,828226,478374,428395,644415,773283,5735,835342,810971,999001,466817,744072,949571,490227,307969,868812,999905,607977,579935,831238,219659,439817,540899,859517,324309,609954,836580,412548,153338,398516,102997,820337,156460,888142,508937,886182,206952,437009,320333,387950,508807,619370,857790,598577,23500,595708,836245,152629,402717,556842,51543,431258,239212,220874,289841,591372,619057,616191,141656,388911,661307,22343,16654,109189,21078,383027,687681,213430,992094,280578,704746,203048,481254,975667,642335,438456,290173,488984
576028,979904,764517,732976,669341,334211,328060,212872,31477,654595,742354,971462,652842,524229,598575,501119,268802,221759,871259,633905,340525,420845,544401,752452,785797,556298,167165,592349,545415,89656,97439,405885,123419,165961,86483,13845,168076,198326,245369,196747,688594,150789,973921,517339,799229,354172,747931,357474,623579,279137,574544,26151,211898,72767,408603,776362,200570,261000,47456,146992,990028,956428,236644,387102,50082,346595,154720,271929,495600,986258,954537,140973,780608,873418,338231,38084,316454,719159,169933,836222,89550,903507,627201,250195,170216,444995,265454,412300,244133,308337,656523,334997,389237,269367,378878,413803,771338,545624,427299,85047
873812,241170,773549,132992,527051,618404,927659,257266,46544,539044,19574,836495,758643,915360,152975,853834,120742,780696,998143,978721,803749,41935,828167,471536,762258,267893,566975,977919,507278,402946,910183,603200,887191,962995,150794,166384,588474,633187,493838,510025,948827,765782,508314,90424,139831,180348,430013,253711,967235,748196,298940,9879,827691,373494,516662,383167,683053,916417,118150,685225,329269,601069,267470,898527,170966,64796,731660,170299,148996,322376,284968,855522,19490,532096,131211,237837,56869,516485,294185,853734,658357,910375,309574,222693,691273,714885,135583,326537,991175,901614,783969,708321,910513,989010,972708,896685,763762,531059,974729,985761
782204,600361,374657,571003,77443,774132,360869,84532,945033,294259,279456,116211,922101,252381,603518,495856,284366,415151,267557,695137,736741,665553,2952,805865,17613,993823,625453,677139,459907,197314,972311,99351,411819,582580,874056,341688,689379,814313,709260,77728,267809,158958,414263,689143,475434,229632,964094,934476,864943,70750,922183,688069,486148,216705,338851,885290,784051,397694,721092,99927,937926,156443,82994,320912,329212,277512,873887,412049,426323,573779,728396,948793,511001,197298,519179,706176,731393,618813,621062,690320,96706,706285,647860,278400,84497,43166,441220,190942,293519,830684,760427,942265,736573,637187,140699,189815,811474,971722,356592,689442
733274,181275,284995,965175,902435,591799,282269,888122,53626,641057,335359,235043,634445,852711,513012,478188,220332,199494,368545,332196,862145,118051,860605,925826,805703,499230,235861,534795,710208,504811,737492,259115,70526,78097,231958,516907,513376,195736,542522,960159,211628,750378,770493,329214,75291,802710,27895,222398,980500,336870,185614,325733,614403,641192,808666,700741,604369,675064,434748,339611,719039,10005,496004,653035,800389,186499,995407,835474,708736,666341,757005,825772,547062,690587,713336,292169,379378,171087,720821,147037,848676,301833,32325,651703,931419,195748,704795,578075,896717,275009,785708,491807,497721,471878,583637,330800,934053,637388,332125,498192
371193,943634,429073,985124,748837,748760,23210,408215,612587,508893,450858,545686,630815,174190,513604,419857,361323,785154,607934,598829,725363,489733,879907,734347,495048,672638,182313,836064,200109,681534,668368,323097,750087,47345,148263,272397,346375,708251,701117,147049,379358,499064,833224,267239,483300,612258,918649,21718,537831,725445,970849,611809,529507,115215,746384,710617,108607,790470,476770,742018,577218,555966,91341,89062,599303,444355,460534,560650,591216,39527,434481,64389,712755,795219,87246,768753,831853,736790,99734,260447,529417,525512,586009,50489,708386,679615,706611,302177,825851,68139,822306,489204,431550,534586,729690,658081,520180,625988,857444,637205
422658,107951,100925,93295,384980,961379,283825,887021,173188,359074,402518,159968,758577,773533,954127,120640,707995,985864,225578,189021,643270,533454,798409,424055,163705,158055,996895,398510,141748,187278,89620,240752,243257,952883,129480,129044,710559,369947,909573,516928,466039,239994,863854,648250,408348,596889,853659,653043,457500,441532,609180,109467,314425,961608,742234,913487,329893,250190,556071,765339,749340,721923,605309,791028,467206,417126,501940,775666,692171,375992,712426,361428,816899,369877,842639,303117,265519,883501,184787,964638,754512,724816,734953,835678,310387,958776,137993,54963,646698,609828,561198,796898,371393,187747,42421,263605,980164,469697,407339,405124
247681,439782,825959,418341,971993,814660,716317,400090,903306,627945,870424,102161,474420,371774,644213,469515,219846,900310,466590,336542,557511,548580,630374,834679,99418,868029,929767,714112,54797,571374,384793,130840,946251,443843,52887,131789,26950,246775,644298,984485,159645,747753,659516,649001,820131,902062,924026,163921,631541,842871,453968,828298,680367,284508,784795,869238,294072,747162,892454,407230,631449,610550,807837,487816,69110,155462,988529,872889,314010,605811,440049,238131,994675,943820,950971,115909,418259,410869,161449,41535,831031,741883,885003,455671,223704,927121,991642,667583,60341,918769,552449,503022,584807,224241,130818,264165,320487,121011,613992,791420
829995,204462,255612,763383,804732,757086,34855,718181,519034,410218,6659,73132,575242,168760,832343,743365,440114,577642,891145,919694,99885,734804,547608,580156,264494,449895,976123,328077,469985,917714,908653,517794,288507,773796,247255,988135,220073,250402,930658,779270,6506,591990,580445,469845,378472,532877,74131,317193,645091,15875,60138,465541,5607,506237,734616,451242,735858,348149,58617,98578,264249,930687,212843,920268,754677,376527,997518,313915,120251,126708,767407,474487,661076,920218,116272,594209,785233,173605,33549,990169,131637,970113,814413,116054,969343,100454,835598,548634,629572,423780,371965,481660,314453,81497,889135,220691,282817,770526,969793,981447
806844,192650,776797,451636,939243,876899,236780,137508,659369,47628,951114,447563,454921,223391,163120,664354,988740,688907,899852,51551,210454,68341,236987,259272,627503,675480,263159,336604,23223,892437,526238,327959,166035,135998,72240,120851,897907,319161,130053,829490,261234,948641,135348,308847,906317,626646,745235,981723,750139,447486,91429,200985,629328,743232,972668,939367,393723,969184,660194,91208,58726,186921,697298,954269,107180,103623,568841,375361,20085,745102,647468,716390,975946,808693,772866,935918,283208,399873,316811,743920,279642,122782,146750,833984,764491,815756,189223,900441,547157,149608,97414,31016,988784,517693,125011,499737,765145,789719,786232,203081
53800,440129,338840,81320,518383,260335,189039,717726,820357,118499,130111,382970,34430,466236,902036,505451,452793,53233,633779,321723,929202,877732,620782,289003,579061,149843,131671,731440,927945,56995,323672,732075,697235,691953,449253,987075,917691,629397,404679,745713,880261,114756,452857,334732,49332,908552,53117,969594,431293,872375,168526,972498,863032,921950,809149,903149,829819,109766,97887,830709,600398,248234,152372,642958,947999,57745,714826,545496,829277,145335,889595,31911,640744,659556,357569,150429,191195,140918,43649,332149,152187,145289,178063,19879,583296,297053,173085,738315,52321,82113,873849,4675,828577,192841,775476,297201,212554,620376,753433,692552
766913,884020,150444,903389,968796,989535,56376,187423,913855,992119,603490,867404,982381,218402,513616,947018,803411,747586,289341,292080,473981,791903,986053,232102,819971,776466,928067,388961,844977,484364,942485,510524,535245,534934,765315,391514,926002,609798,143466,888176,111161,643600,508460,28311,894461,554055,162103,650097,765994,816631,618292,907682,406982,992761,207118,467516,843643,537163,535539,909449,396934,756399,572541,459208,973461,96234,376115,709027,965399,32516,903505,348973,593915,226474,830377,26684,867277,980850,934831,356070,534133,386480,206064,675119,429776,368039,316649,149088,116241,542482,815751,241476,230276,744282,999813,848116,331831,798988,206126,291721
983962,329414,891986,21011,397322,855403,228493,972631,458057,528699,861988,149839,162979,453181,433196,945032,331623,636941,878,584279,106006,984886,692123,361756,987158,549391,938816,952730,369480,157430,916038,833689,114495,981743,913910,286658,736923,909335,551791,570255,344162,587726,518171,637562,869763,479877,902473,286748,462422,796094,549669,655224,726097,558481,439194,895628,41920,897895,109214,649733,405541,914990,326819,54041,498251,498881,60576,490090,846814,49539,459003,211534,216202,941071,931719,734242,984144,321090,454797,784039,837596,945048,151724,579371,716278,901874,234656,784556,911708,453704,404315,466490,359452,328163,234411,411132,694478,504269,589653,504814
184584,699623,650194,793268,375372,699792,453681,706561,801673,168907,95797,391797,203520,208326,10791,568145,953460,323244,161566,884646,897688,456565,175569,575752,791194,539836,137031,631285,481981,438646,465787,504539,473254,312383,445579,562477,44563,935186,467585,814065,568737,254791,171430,115498,630121,704549,785836,301629,765995,189552,286796,493194,411534,253184,914308,587180,588871,110810,835884,550160,495340,690400,247890,885865,277502,29194,127606,475549,112449,856601,155320,947266,899062,93727,451534,967904,977703,602039,167717,348355,746778,737743,674487,152366,992809,93450,722936,666440,190632,263206,896073,45606,480962,388703,215776,1447,118869,137331,994115,815672
203112,510709,629415,82518,958594,917970,324302,159181,537281,118440,550319,752354,724919,756463,642133,920572,39627,599859,443032,261534,600649,824033,967093,307379,754757,9139,195514,871334,413834,980009,149393,548344,33329,782176,774180,69430,925026,293022,653344,161310,76362,86082,420992,978979,742682,259484,871450,884493,140851,83243,478954,161741,952470,852,995904,576471,17122,108701,227684,657654,771878,871361,230485,693151,973120,63244,364000,35311,432120,668277,572099,150477,53480,110416,751663,12149,278079,786000,646328,682490,565964,781494,396184,538945,97267,906878,164323,493215,429506,903724,209531,644426,758145,408426,738154,105493,16894,939316,486130,583856
102204,936721,4063,48155,218093,402739,432572,134650,877578,295170,92495,173177,677844,246412,742205,632608,242132,461535,389112,58145,939755,192365,560680,548006,121497,20315,517091,190605,980071,948731,367788,85319,347272,106550,271667,741470,765900,601190,727371,200390,642641,718223,143238,798470,945169,131066,743403,212135,846699,206640,54497,567322,296294,993741,426952,155593,777823,450237,966797,523256,931919,104021,222558,876370,778575,22277,26147,890018,228416,821012,550464,50047,816444,396141,561011,927185,607224,472203,949434,470809,209527,411605,24884,940228,638950,24002,269401,340724,291046,110417,912196,115373,326081,340649,515770,110072,626908,213940,308788,777163
318374,59288,628543,777501,35411,345718,262722,512301,887113,541461,557327,969382,107231,616928,309636,366441,292399,731440,738861,336198,452559,580754,792642,266144,96284,966519,639256,255447,608455,389502,703686,49310,666666,746158,208201,364743,761500,513371,278774,94306,239867,778741,70833,750367,986117,139715,924137,225455,308751,581804,247026,622566,129970,678990,494774,689075,40495,793068,918986,269469,664868,413682,230894,232764,686303,573166,718599,775354,588152,113845,904339,310285,195947,449734,675164,335669,718401,511204,548885,624740,850924,280221,352217,316044,415896,791207,59640,319006,944103,41506,621539,788438,283044,559889,51160,781126,13992,110111,967134,124135
490151,617405,894048,931665,676017,658921,345483,629460,355251,818673,539637,44156,753363,296281,593005,609139,825139,606778,840727,346839,574867,861965,928022,969381,926407,255215,871247,335763,810003,508645,103076,798971,381594,168576,731068,515341,521516,300913,787732,607012,177486,413346,550970,712499,725646,809321,98543,214872,995369,510458,64048,524705,250968,597173,498593,567305,235574,927908,841362,780507,11399,97717,79335,68026,270204,632673,788307,91621,746568,264103,26214,965786,116755,307745,393521,418006,785901,127722,334379,867394,910346,242267,980495,876144,581172,295383,996763,902334,609219,120002,485152,282717,836729,239376,133537,249476,112898,241836,901063,28422
673412,633043,541951,807073,655014,460899,520107,142020,546372,104358,540855,553392,955015,36342,612906,377316,610147,646010,781402,701636,314789,716582,190445,831518,594455,452301,594532,466756,901108,893685,547014,680050,679890,167052,693792,998445,231753,798636,704930,611718,714752,478505,893257,245073,96716,971157,547597,864072,148799,323583,361209,573802,834181,997562,161382,710312,372616,934634,979955,369780,618786,501259,432992,562173,149623,335208,512362,152035,255010,330948,860029,716232,642361,932471,78279,414989,229451,818716,142443,69645,738044,294146,897903,384955,197488,211898,297935,241243,814090,108719,131398,365204,460998,249392,564699,162044,343860,164095,161504,522036
374074,323116,999078,818057,62719,324828,565894,155112,426638,281124,357217,843522,154386,481718,240172,960751,902046,774843,41199,508613,102072,473680,706286,20402,338139,490874,389371,413645,934827,539225,408665,692497,692257,209199,295239,587117,189408,476053,998084,657835,47889,207510,488440,563458,387484,243698,486415,576120,726086,606333,304481,765016,724341,720295,140691,358084,14385,448201,718252,260560,505399,102645,810290,704123,704643,223335,54358,214417,849943,700053,227091,625477,38937,486080,8915,54429,646193,878824,950016,70235,369482,621319,171934,849707,459127,939892,640164,414181,6370,282113,50091,539501,709519,914828,527909,174061,751765,20497,733149,922816
805639,791932,233688,744458,532280,677471,812008,647845,884163,147719,365852,872554,422760,765527,247645,564063,929521,262362,353126,989463,796422,977767,35438,412179,772822,820284,510834,772833,841641,477224,357135,663009,33309,589229,475070,802910,59163,838285,809262,111716,414128,362866,474927,744944,37819,248361,115200,656852,804230,975873,708018,708997,186608,958193,672025,825430,541277,128747,508241,529727,38749,901909,477565,772098,119962,263583,155131,90845,811696,105072,439237,771580,426190,220988,279110,998169,357226,246273,91035,63540,546420,356946,334977,41494,72869,942569,813344,466160,419775,497779,46176,857350,330428,730505,229327,990772,999725,141856,668421,836287
762869,691836,827286,416712,110836,605340,476884,745963,862094,817710,334886,432968,845689,692360,352834,350131,556461,413555,249876,214024,579441,207924,258274,709406,800199,136646,751419,935645,676374,32032,138869,209069,461127,881247,171425,46595,39535,393223,964845,667713,854818,851672,132682,519497,947361,185427,123188,185057,83836,545195,320727,516917,421365,406276,162315,8578,86359,815365,836525,559013,823367,199257,456447,124497,397525,758563,448578,157791,436979,648400,151441,911917,500284,130927,755582,80743,646937,612512,520834,879468,488465,108598,170146,636342,814394,768874,12045,979302,466176,227921,936716,57053,58315,367232,149360,780229,443089,632612,531607,766355
764544,307135,190705,212645,823467,220065,863061,835240,994621,692596,437769,448958,633658,593406,815631,90475,592661,217627,406141,852173,191573,261473,190116,596030,857215,656001,404999,913702,959718,2830,27680,213605,430282,65169,658017,332293,1231,781401,796490,757063,14027,799242,88211,140451,364305,567022,47706,389183,393735,646692,673857,627945,232023,297803,824976,677219,287321,704424,853429,105365,755048,570128,911741,528564,846418,678723,19022,362189,222147,359602,769020,377554,965486,406997,683878,693872,51551,933123,932624,477484,772872,671671,120281,610547,208547,773762,494967,572577,823079,112300,667340,300460,899660,259063,397539,759225,610992,130227,264266,392860
105150,714926,862894,167069,508510,862063,327223,85099,352394,977839,396345,181570,324812,72332,479546,667494,738930,260269,699973,815153,773312,250199,150029,773925,946304,63221,94306,300740,880980,285358,689798,374712,662502,664679,145009,248788,455428,35121,175229,279375,651839,17581,426992,106647,404528,708949,848585,145423,984479,24232,606054,967060,728676,780920,61759,73656,604247,756860,849958,521064,526028,41241,282382,181310,490784,700564,353418,746984,876197,100321,567880,846767,359602,972608,556670,3498,168159,858308,882693,664021,24341,733078,7113,329215,677751,19949,999408,507334,576315,676007,300365,73174,782853,742769,302282,167073,946168,53654,525060,289180
131851,118448,351168,529638,357725,146192,239440,536368,243033,605095,879842,102411,997714,194172,820522,574761,540636,861981,217095,131046,299776,692183,170802,921880,773938,52422,480849,489160,455494,64808,269403,336463,959868,910392,583300,498510,35854,206590,127489,644646,433055,653104,635189,554151,369286,208584,225455,889405,417911,731295,721766,209096,389196,596189,780154,620454,477799,796030,253112,6557,977636,281639,290072,81708,475698,17332,750703,114198,253955,163478,164856,263940,81991,31678,521388,16977,917927,897486,180509,35437,3811,627180,763602,462640,434751,442457,182895,542124,419901,547404,960170,398920,168425,955889,685901,310991,889877,202656,761522,98964
303578,170942,583306,422120,827119,337388,749767,918984,219379,328576,887764,406606,489748,217846,665009,577220,457898,258207,874798,218060,973184,349160,744996,137464,776502,808544,133271,169814,989162,688711,769863,333807,521434,49859,265596,78858,719023,580408,9499,415234,288882,225646,88273,581274,433971,873597,87628,999156,550214,56942,202126,483247,29893,592167,299021,888473,657965,950955,243930,143022,48872,353943,303293,39300,298453,991550,249380,766182,318738,763040,988192,61077,126821,878100,776865,135468,556349,454406,732272,208849,528275,250581,320697,72729,156667,98513,145894,217864,279259,366431,815556,502809,832054,899141,465538,477012,124248,947681,186811,317360
346237,767872,105469,749676,986565,220947,499621,407836,787632,537654,821723,699643,484646,934205,379577,923677,821371,109857,285520,53616,58195,975085,920462,892607,23814,300636,855944,468206,902847,159705,131449,509162,944203,694164,318319,94856,882235,913751,768733,228760,678560,871506,43020,595073,880139,81124,368709,478580,730564,670136,258750,82584,437740,281151,329135,855696,649377,103253,345561,68540,614746,804113,629369,605883,384373,100043,661215,159036,631114,67321,313007,290355,539928,991796,942351,887742,145611,688530,607559,863126,704901,963491,601356,299298,735426,903713,394668,490292,400205,711065,458489,836942,199646,788961,936902,175658,127195,366994,863565,959406
370149,644335,15777,632800,176418,339145,29464,428577,638714,244302,147032,357338,142201,234425,285776,783835,650243,747110,235791,753255,374180,380357,303419,944775,56661,518349,731757,932676,254567,74839,952596,199970,589728,704254,40060,692709,418553,454362,682751,435640,413361,768478,469900,655389,967133,571806,948061,730835,959769,297227,591368,587592,632329,269909,439670,931636,975264,928170,343676,718871,334381,800738,421086,503706,664342,583665,160290,101021,387291,244751,181136,809471,622961,558085,570233,108005,507241,357153,997606,609884,377208,703765,962396,944470,941195,959146,542747,612928,504825,2628,369985,662356,435910,894356,533719,302503,754655,165494,438845,660821
864735,427140,802400,127410,901992,712465,277142,265950,914220,223652,831898,883314,740056,649782,840737,100089,222001,330982,111574,731628,759698,113357,324421,398931,241173,452841,904646,268537,214981,403021,953362,25086,258689,992374,969183,76612,812396,452409,847783,97182,364436,388367,529769,3940,567840,286924,47967,524534,28892,760725,113448,588552,911658,609894,211414,878919,296932,195267,352380,492427,907084,42607,519938,388448,146485,321117,905257,259428,798608,893025,238023,855797,369988,264563,269607,49624,495873,425460,162420,125064,601688,369187,139594,627624,451397,216355,115413,161015,92761,15525,951564,72354,420403,941283,947386,66003,83370,248628,178495,890642
47241,832951,513659,165058,308685,404833,409503,371064,37503,226503,222484,654590,68629,246928,288417,87946,277577,669600,677745,358171,744286,40771,814853,649596,889582,32993,352413,523068,296952,224613,846559,323812,784614,112234,152851,71424,78359,841213,913162,7358,685809,666689,762357,912177,989276,27691,896468,928019,93271,640246,765837,700920,855692,66679,580949,220894,792316,118572,490529,767188,519092,297030,267337,164564,279384,803015,225010,267832,967608,75507,490764,637889,273617,632656,39171,69024,725885,554881,81405,295120,75743,470680,80083,312911,633371,553486,778290,528138,63274,720211,696556,594034,506524,155252,214066,334174,12187,136347,351061,244620
306406,652480,200998,82460,340782,910702,121952,798786,258685,682502,772688,22441,522420,859738,796114,459,384870,62189,873555,233899,616786,545530,200506,376788,26305,924478,709990,402911,413551,268368,370150,533350,963734,581725,828710,777280,6362,655056,459636,422147,376582,937400,202419,161415,546541,151274,557029,993853,75485,688327,16384,466397,893627,397876,940710,46157,159521,426663,995874,860604,71728,785656,580684,94057,165671,597731,147418,389848,250144,287391,766566,280606,869128,588882,861573,824816,605823,12737,25435,908343,653978,981861,660178,294809,325496,570385,375539,268419,381500,957292,733348,293679,839513,639411,506,461298,614085,731610,335031,93871
276380,399436,16892,401899,480984,117405,900963,624326,615911,254854,442125,65678,185579,474294,465330,976811,403858,67184,444599,872732,266250,296739,877377,532698,190444,484300,874549,936907,222896,721756,460183,177468,870320,628948,151987,685672,136373,670621,567418,758259,236548,384699,633354,128173,13626,834731,399571,332392,991521,809265,789388,712136,581592,687561,827172,224850,116231,593954,578405,775088,619784,734469,252112,628136,186715,101360,77534,334037,766553,280948,12103,796419,809169,765785,444880,569775,13490,789168,211628,922068,658083,647541,978959,579848,484961,100403,554271,719586,987710,17249,303310,568132,701880,52001,551150,261128,886182,868206,983624,889263
107459,79024,217289,232072,131444,549362,668862,148871,940357,214998,572394,521594,850413,196203,330068,495475,83944,879091,793609,470913,188760,626648,259575,561565,562183,797156,27890,247047,417186,396077,276179,519890,416390,371875,626739,109262,492341,91525,896602,197424,755914,803711,194183,768887,16617,459753,195380,148222,899973,759268,465492,498582,665392,552142,874146,941627,111170,180614,573831,572022,955041,804564,82097,924487,866870,231503,967618,28294,804676,24314,612775,569754,828672,937544,947647,421666,908958,671857,14971,109204,924137,209672,29554,544659,507570,460636,979217,281263,83241,848684,46757,757700,146830,411808,3089,448584,78525,89595,311698,634812
997146,173824,362135,171248,502990,591977,914767,757504,431616,481993,354415,697471,205601,145465,120906,183456,497290,355847,433881,38934,775274,602181,998204,389638,976388,641115,240491,844799,58668,905846,436049,808785,858111,928046,710753,651652,982802,417843,42612,584051,841252,184538,897494,903455,179075,397647,226429,362814,21519,712609,884488,895318,671888,40468,376156,387201,289122,719728,197950,330998,54838,334129,567434,502275,675323,523498,213553,758063,365439,454916,580127,273653,56007,731097,347381,136684,171305,373807,300490,722404,781819,872364,414291,92570,296687,323440,331123,16421,487015,61625,61462,946670,603033,799333,779836,967160,299215,489006,791055,795688
300299,827107,417999,572403,85828,997776,235615,638101,813550,277002,623434,198004,530076,181106,118179,633676,273971,936179,218801,676826,553718,563864,757132,647576,578666,111787,473838,114995,815249,557164,573198,903857,737361,194911,886976,478235,429426,456623,166767,283766,627665,326149,662920,303291,71511,537587,141973,594689,273878,419767,563404,835847,644897,326948,985666,946799,55076,470265,549744,243984,496813,141922,318180,273745,792460,213586,233943,296783,385395,805844,442559,619088,574435,482187,216206,425925,996671,53549,560395,801310,300167,334585,304622,278569,748409,717164,494295,522235,740600,92318,839233,769734,343859,466148,529432,664856,379634,575825,150644,701187
257780,444945,845671,296286,878621,849998,68278,17486,23966,234954,668613,787954,758323,677054,898074,44551,832328,948877,510034,737987,183294,703083,412597,518348,487929,789637,968081,566102,339023,547111,644006,209268,286406,65434,545225,309866,670365,776339,178583,998568,934208,180601,666011,278604,782982,910621,926340,526523,315054,433987,834334,604963,811950,602008,515360,764692,901237,829149,788741,305530,820659,358587,113729,897638,70950,359459,292402,976778,524368,831410,516720,937391,327853,135774,285115,408470,863488,167498,582106,733683,687139,16459,992356,930137,322352,560668,686721,895683,569168,100006,317568,780193,48674,725435,293822,974818,708040,841891,495266,940669
756743,38786,600889,679291,107048,994772,247034,122727,563290,856734,698454,409317,28570,23208,956120,354693,77153,255287,951676,810653,433147,209058,595681,488842,224809,79813,661162,817662,677799,661989,624419,349013,324227,586566,680099,19158,366911,582785,826223,556385,567552,453074,828114,616554,270815,428730,902229,105352,607774,446484,614226,736647,262585,180350,514196,942841,392216,735034,994647,766340,918197,333481,290330,635875,692896,382929,807953,197825,432601,137094,666764,574952,2435,293038,277200,248374,880039,314876,763597,477773,394191,27123,877132,89626,756867,932710,292457,392651,442755,769227,490736,805288,521157,883014,636299,491338,783535,168717,7256,231075
671290,372614,830630,414858,277524,609412,355431,171636,668946,700485,167032,601699,791161,569560,986991,117167,368267,906183,172452,78662,924942,141976,621469,832281,10267,338592,768882,36609,647185,50826,112195,855257,888516,921837,172468,545529,693230,112683,766040,59333,429874,821627,234864,530131,290005,480729,706662,977213,629649,231212,805159,790800,761808,845576,812423,956077,246597,852266,706025,951842,942205,737839,411095,249440,705664,197231,306660,86861,152145,783198,620222,168346,474266,289490,512508,670657,335610,300681,197718,341982,654815,953581,610313,233607,781819,834206,337951,43600,519214,331430,88253,830047,503453,693898,177982,873786,479193,365470,365767,619865
707238,531344,723111,136491,309917,475179,875815,837005,77241,213145,336919,680100,841333,954031,490679,962373,526195,229785,264806,124293,994371,702111,248335,248282,575441,581224,77591,169093,619088,645269,984643,634533,168856,936110,371347,204465,764262,535027,162756,587218,192133,191553,477048,970991,352032,530642,836667,94928,18369,157604,68636,974655,517615,644031,580284,408001,716114,685746,913091,259967,864916,744677,156683,330526,121715,309758,317995,92519,27155,125566,950830,23540,256112,584595,546134,405929,397978,462069,873294,490852,61178,22855,913455,654400,56550,298612,369041,409335,653185,196957,803108,389523,781241,992316,524210,835711,331139,508219,36758,817031
80418,912237,615800,710419,802641,582535,259805,531263,461257,989899,449812,257903,266122,209827,2268,871823,893435,689906,850172,10424,112817,602339,786374,477748,142454,62366,533913,228593,317089,176260,94928,614959,666011,113112,753825,143617,630715,328913,837385,913338,203675,648310,12289,764202,928159,648714,171598,448814,811980,732126,251115,532239,212724,238031,352642,158104,538756,282344,198728,324986,347780,906328,412635,123040,182680,887904,472626,974997,331403,123091,520203,557296,871000,724873,61210,910787,375045,675191,278318,82837,510799,895716,254273,646827,649264,490502,448410,307056,662639,794909,50185,883710,391120,743253,957830,97775,737892,767972,956525,566274
178860,895323,854364,856210,380178,365652,351832,860224,450928,556468,44676,685764,879134,525473,352978,794278,44148,175161,281826,64697,413994,513099,558010,758266,24947,932462,622983,105601,56901,770110,853502,892420,106097,586689,813267,293034,214955,863958,78411,16740,988411,281789,491734,313008,313213,608339,751800,110034,421664,809187,679895,475758,944429,675508,761100,949468,350033,409348,457688,845894,403747,22291,346410,864197,166983,304558,502364,782147,484815,122288,984560,859096,86335,720181,11597,699666,236539,574617,398465,188426,127705,173038,364445,293769,659643,374432,138174,573609,143052,245458,966157,633673,283198,541651,69943,940797,790174,953923,118918,314390
716018,453341,879029,558433,845625,79248,230977,153098,425024,589069,164855,373115,460798,848064,904531,445796,505287,600949,859029,946317,967072,957802,176224,959477,779818,667633,138237,80864,153656,233706,911982,36541,294088,272141,645150,360807,647683,932231,60253,90882,481086,520497,331506,252177,605959,791205,845598,646080,481350,706245,714543,169877,422326,598574,321082,373826,956989,915404,751811,547032,18623,802919,491060,162723,580216,578287,663109,790755,431645,320791,48451,809322,192450,91822,466678,298569,709702,103365,942490,430954,232984,651684,584144,410966,470261,163037,304040,440999,895247,653698,262112,783359,466530,559577,337799,445887,717217,366988,576256,749629
43070,167376,156868,806026,403523,504003,793411,377026,226397,482909,216911,572682,525609,133452,806429,291305,570116,875610,837602,771486,26515,387260,397146,547330,646199,257728,111002,945977,687299,423875,29675,588249,661223,357376,246243,136707,587680,888892,211850,174225,933823,593427,2023,758142,558826,917117,874143,54186,51284,267060,747622,761782,152922,810330,644068,315534,31289,265775,24737,607021,648466,374242,359319,275602,377128,938268,670771,591731,471834,417047,347933,523388,42625,372627,398592,141429,290646,470874,987572,860628,261489,855754,804126,561829,670409,648039,815176,232553,125928,496209,580794,925749,153143,454338,361422,688770,724543,10489,424104,974132
589026,426733,999663,298804,372179,345937,320600,236290,729763,316312,587782,128797,887560,294738,631408,244218,150579,675764,509198,41978,836896,580063,223011,172000,716695,386598,146256,921331,758078,713043,285232,12547,971221,802346,866726,332051,868609,487412,830083,636694,544296,744736,610417,320782,179001,588996,457060,792694,52279,521148,221647,191832,771508,258435,523459,675721,223348,351938,910329,759191,875915,850453,229719,637507,44587,881708,595347,578509,350414,983756,650504,47928,80975,960183,335102,292294,735847,989574,119079,295839,802881,646841,816152,231085,839234,139897,933830,236144,575252,190234,30889,170487,810186,168280,832443,503428,639579,434599,730395,129682
158725,677521,568054,955249,754323,764620,118922,679894,804485,580088,669690,402145,364800,676601,706700,616378,15468,192703,131567,108372,137352,372984,101944,5353,532131,946101,286346,49714,608881,214967,833364,12591,463824,368330,302424,911458,905361,661968,317984,88968,678795,152308,214131,927747,908783,584874,756169,670747,813289,198035,933328,981045,646535,276788,815639,317987,752642,626878,223111,935903,185002,577855,352392,203857,127553,952295,148266,686997,89933,279726,723027,190757,486043,354478,958662,890269,721147,732379,828578,940370,55239,677685,387662,365688,140013,629190,754040,303330,263791,675226,211437,464454,581119,535298,589035,27366,33846,250138,977165,438669
735043,207372,626259,24619,820691,682360,595327,20508,355466,432021,674666,547728,434888,203117,270571,817887,20031,104485,166488,582899,414665,73436,106049,883460,937641,415663,135302,884739,796516,685419,850759,951101,332705,989855,888580,183407,751411,384203,427873,753047,21556,540773,156374,793204,852153,212089,630322,273687,501502,480852,333890,603108,173052,238061,134607,277795,704843,208873,326894,96786,311356,262780,797667,678441,185946,506032,696417,318187,166134,839439,663033,578569,747755,961116,107559,293316,277217,824278,70226,931331,873626,555319,517648,229213,935712,754603,227555,983404,992315,463453,289832,581224,947748,954246,758569,983045,155704,214257,440928,893392
229071,281906,228310,629097,423812,874650,692791,291427,960233,115788,198797,88297,269286,467199,881371,934286,10460,850560,323042,944029,826226,53073,673108,130708,117137,11038,597007,965090,135924,320048,582555,361059,992948,834243,928128,166296,369946,321730,214381,360892,560482,99133,894073,800370,525215,159881,996230,273984,706083,507111,835094,662602,786263,586424,898912,860871,405553,373505,540143,816124,279379,91375,438589,937387,732346,415728,945753,288727,175704,320312,434435,960721,491405,428038,330040,945726,184742,435918,235160,243892,5809,751534,368280,737317,347234,891967,967687,452394,597671,68815,71076,36635,444200,972743,188084,133142,866618,809217,224804,391510
153415,123446,582728,34102,827505,40746,212508,593209,806596,284019,7271,29353,961411,174770,413357,59156,920873,406672,955795,507294,333567,120293,219149,715381,310518,122091,555918,62651,215758,142140,531606,225600,939312,8551,130962,795089,655776,665655,196462,899369,916017,67040,32186,236390,170867,662699,925651,900468,661820,887338,598172,810506,214422,651545,110386,663608,967780,440351,895974,952910,140300,502503,756368,896444,540990,130392,102268,137296,642050,261429,506928,967505,23956,549215,9023,897122,963816,224126,723621,841101,748111,160461,27951,678020,792933,74218,281489,159009,802160,897029,203592,510474,661750,873356,676308,315497,786878,926160,842332,310249
76265,57112,62274,455514,917361,515159,77132,406602,254184,357453,891260,675534,481123,648487,444894,346014,805232,878537,473631,451326,533624,295417,375629,417666,326685,766384,117443,491064,80906,554588,502070,969983,737955,257695,352307,621779,951,642291,607854,176112,340917,744468,367630,923501,475805,169786,427851,839676,576313,699003,941822,959888,60365,59916,111807,864391,231558,366548,330242,894169,310863,919698,807046,978675,47017,163240,537086,804389,535698,290403,928151,95138,685295,701945,722935,20868,844520,796727,328447,471078,33497,369831,912842,391139,159973,685450,199063,892621,590786,637411,898624,950225,744027,978692,99661,632066,100808,882885,378871,988380
829197,32909,229873,840069,614908,582340,297973,466069,794004,100330,644639,671355,822962,243342,734892,131545,315646,124366,645189,76569,100608,172808,46384,329922,280884,711368,26183,442272,110288,603213,755026,718990,587195,414231,260112,445628,561250,452232,386686,805244,456086,933081,285847,710441,928400,510638,508445,545240,3633,244086,530823,91404,334403,407892,936171,499998,248106,881277,232671,38726,682129,731266,393566,464842,185249,891204,974713,559702,624908,925587,699068,527880,851243,530787,765972,153847,181820,274445,274087,660117,191157,625198,102848,490059,133253,497979,778464,319876,904812,460274,159087,701081,235311,364008,681843,912733,185459,201507,231424,98918
717096,445043,593107,234909,456348,11871,76889,167099,852559,574730,518933,105521,572721,876134,130993,440442,141830,8953,150961,514464,653493,336814,109673,904540,691006,38430,380634,462903,933473,327650,329077,757450,261035,144046,272167,15726,523031,893350,64312,222662,548261,159038,689193,790365,759286,590710,179621,498295,589830,275239,381488,977380,14476,369464,738903,910357,677005,885855,46181,800693,768418,582803,249601,789730,987449,224676,84485,83472,548254,583938,681569,230133,39162,534971,140893,898524,944206,213738,971294,497634,358207,322264,687647,71869,341669,469799,640151,504775,188403,21220,82006,913744,953625,18929,883425,656944,423678,277839,950330,548141
