583254,502019,561968,939269,728817,854429,474950
340281,503131,23388,504931,695462,327470,807421
825631,553588,92862,520664,572867,39719,457081
976995,972052,518569,465335,5838,170046,468100
456902,478175,360221,681467,531293,244067,570610
755626,151608,467969,598332,639443,525700,831380
859631,847800,881359,515107,167946,117986,253331
809726,180545,777073,918031,66543,763136,163545
338731,219661,167528,98639,846222,742082,684253
909271,665966,493074,541733,968551,173159,525513
793350,904984,71123,455031,136917,799722,165307
142276,207156,3878,443776,161451,151759,582186
494941,173525,253780,698470,680451,914861,689123
889949,29993,756068,378066,5275,8352,365739
900314,630950,255816,236086,423801,976159,698385
477937,667002,323473,594040,261576,641303,617414
952921,136665,48811,305617,709051,613503,676786
780914,249275,720579,777214,974658,161428,70189
943766,290356,528553,614703,369106,373570,720710
992044,308076,554735,764385,675482,321900,872768
1782,575607,445495,432959,750144,44956,626004
717920,867958,430818,873803,268247,523892,974365
912923,325853,594276,587786,270365,486540,437803
43749,449495,664129,366442,566366,992679,373964
675102,837342,940921,86431,436126,999340,718302
988272,696799,379596,178608,14110,569332,431227
65527,592593,36411,148314,923905,579855,820705
565621,368989,541625,197725,587941,586911,188890
21714,610691,217377,395177,917086,547048,510581
323888,292593,146895,722174,317906,983599,761809
571087,703885,753488,988533,3492,771847,218475
864467,576337,837721,320819,410264,927764,437609
537614,307688,650127,686479,77139,397554,343995
259325,148733,809142,846077,727549,422323,353305
664527,251481,515023,651300,697404,318715,398719
161385,402317,860567,116645,986040,530981,960151
845753,661128,517227,786553,16462,227021,745501
360638,433188,31475,777825,908650,681168,462650
942702,414826,393119,817389,541340,345532,943515
187638,8384,828385,415096,121833,723777,842467
318966,454257,576813,724884,482316,617403,451947
67308,738711,411137,431704,591152,567013,247554
38952,123492,977853,294713,389912,490506,909604
78882,634799,278054,274278,808513,372549,472294
521633,837455,484561,232256,622722,36104,475823
991525,967436,607997,418447,414673,216514,103282
751568,556983,829754,953039,745752,512518,959585
128557,186983,774124,102035,264334,521405,414346
100513,256804,634377,690083,504419,280317,163579
319836,107435,290323,810713,682036,579510,344198
940861,105878,763714,150495,94076,902678,306559
383217,352216,867436,465187,856645,413749,813488
150417,933928,963052,237133,599151,896446,224615
116,313096,868307,86621,264582,777133,475457
208145,171244,527002,990015,521299,530066,813149
615583,72706,822998,875545,992099,542566,955687
661489,27399,833293,879505,861011,592658,300249
538509,323539,936030,158083,693474,786077,364970
548310,197772,988634,475177,286488,196508,465141
591356,603118,83121,667072,460968,221323,109828
277692,530348,275687,270152,602083,545899,713272
9111,309747,2874,655947,638046,328076,879597
731140,459417,771105,754628,835674,629921,640090
893367,226800,465929,160648,117854,870741,913134
841480,111766,604496,979628,28320,938354,626023
171669,584455,633147,338787,358241,68817,218592
660917,952505,713864,260110,586458,89790,957692
608067,330105,478067,587551,111279,28204,32933
681781,363857,844837,90616,294687,51985,171175
721159,980672,917899,154169,219097,483668,213167
765139,658900,814598,235369,741400,648178,72688
755593,877065,199427,713238,486120,875441,254475
552755,574578,205853,293150,571389,780180,636692
649674,63462,434161,350547,281060,236802,972894
659467,491068,990887,379114,853666,986103,233986
631408,346615,490025,943399,667732,786264,592825
868164,789966,16636,347890,909203,178066,731766
32249,891821,376934,987320,754150,259328,959006
804248,123056,151328,431184,617971,268159,697873
206002,371047,946381,200692,131431,232790,11447
985683,546806,663949,241665,382037,890842,597103
567690,234795,739481,735846,909704,89136,352571
420712,403133,367991,256402,156456,322597,234256
165545,722828,193373,242849,296502,402038,363262
530148,595941,881499,833563,730444,858102,818153
492622,167710,880209,322087,875204,290747,867807
1117,25063,723490,179804,773964,642158,273668
11671,713296,335257,136411,183328,939815,95570
222986,328236,255405,784554,163269,160557,745829
475492,184398,647556,733798,43885,279305,967748
47185,443174,985809,283067,832061,76705,54528
295273,481037,991743,843846,892735,90500,775562
241477,718316,470233,790475,391453,508399,245651
459459,798094,67428,567234,693099,739415,242885
814824,906692,278204,749182,885796,652876,964271
543577,134677,752999,811589,530308,869526,741214
292407,964187,211956,586103,644180,129640,538988
150910,158743,751126,236926,484129,871486,828389
690106,736838,492259,962167,186214,74436,115647
988122,480217,557444,610104,805587,783435,73350
834867,356680,276675,436183,155211,962747,594997
134805,77590,321224,76748,828032,483734,28189
600890,495057,219578,809383,718316,905191,210628
139822,785410,622765,739815,417289,261796,639711
839182,949012,747313,391355,10000,974713,201284
204835,37514,970657,214307,820883,890734,6321
397760,766640,213653,736820,460414,811293,933945
831353,315352,384267,839749,775210,25110,534421
547513,336530,976682,41007,732247,288430,949123
741365,158494,251589,43362,133076,802489,459051
757731,185021,773119,181628,230978,308068,892251
965745,735552,571759,296943,141470,65207,103588
375141,401837,669039,873397,6908,619416,941308
693414,341990,125620,408052,891816,326565,56789
997682,237341,99930,735076,509909,501081,320234
129889,320658,140250,765623,349658,420868,705897
872762,907313,37274,432245,877161,630978,469379
217201,891673,827942,300175,286986,376801,456027
609106,170268,375558,99615,518826,658974,985769
832542,722234,11688,427026,898318,890541,186913
729166,24674,12559,8301,95546,920349,570697
21039,321281,667325,764051,738050,639068,921952
318578,649264,498978,567190,29433,839532,283171
137705,327377,719029,171073,515965,269942,364433
422106,831636,355872,14479,452837,27740,250382
181497,500359,297571,320605,945389,376217,403335
669349,670115,30559,725638,76110,551335,766006
249647,257383,215447,618630,980298,361764,996035
566888,71575,454898,609800,39435,398076,912447
479385,454102,673674,141961,977005,564972,864204
512594,664807,951181,260114,318955,667450,635781
504672,185828,386849,353165,90828,881322,807284
724811,452128,225954,779297,259446,765457,388288
786182,209659,332268,224588,43291,733867,125687
110331,472898,252628,927206,460256,890453,882880
233774,109667,183758,724303,536920,311043,913541
107800,324069,847207,224559,174985,396810,269489
20872,76171,583042,978038,86662,332783,517458
488781,348594,548124,27126,639935,552341,550450
98260,602543,902806,69930,383678,22652,222531
536958,400230,270870,314839,709108,113502,575525
543016,658182,494104,856810,846886,807934,197047
730420,705123,17969,368951,493274,580533,669542
524467,40061,387820,810970,545700,78565,173978
13613,64851,816122,500620,582064,924412,924783
296110,178520,142568,713504,9000,608040,33940
413574,901586,570640,847102,14994,477645,364207
140907,294433,39463,928277,854537,788769,707452
808034,12978,276071,720347,721480,939276,821872
374162,120371,734613,669347,305924,933339,425450
558626,756233,5504,820150,949027,378858,216669
658785,532099,905484,761146,388402,591950,988098
432293,141568,618328,375548,159355,51135,819314
265895,539190,55041,999056,950621,430493,681912
241471,525147,780879,923953,809129,929798,749093
337584,537523,138570,303674,635891,228016,669243
929526,42951,280595,934977,241858,465629,546099
55506,519788,799141,92457,859242,176362,258237
380095,712112,649700,424766,304838,248058,424973
501388,725471,197476,324917,777857,590905,645898
853696,484757,916226,283253,273721,91975,697194
842403,179499,413636,539614,922359,216680,579253
792804,927944,204818,662759,652174,299085,746588
729922,59625,257157,318013,178126,973309,390168
668638,362030,587802,762335,309294,924574,604058
919360,705325,614265,436819,408092,414209,409565
231458,167088,614802,142480,973414,909076,253469
573566,785881,765135,777351,829262,897498,917585
904562,185092,16928,91057,853263,259015,959886
946986,648798,663549,320463,975595,888457,519337
633117,723099,425919,779605,128517,842081,284939
15209,253051,253583,255508,246807,133184,518541
108946,46907,173487,175027,741830,192430,42295
776173,127728,370294,822935,656141,154170,67646
490733,628015,101497,744525,754462,319589,582796
687701,434330,102298,246824,303615,754929,630796
215241,737240,775481,163264,53816,811743,731218
99721,182866,935077,926999,867754,190357,819510
225424,787976,139108,698484,253765,451617,708583
240036,602735,770361,747791,734805,798502,22461
321573,246294,511479,189777,421659,350033,255256
521784,986740,535202,683038,907816,119503,873212
103518,968643,801266,706006,327477,731926,899581
681905,566376,633942,769112,736899,13919,106408
406107,572760,763276,563222,138143,319994,526433
736576,149126,624740,148228,157496,956425,220256
305893,373269,355808,162404,63101,960388,65721
441381,611940,145734,178178,582634,232037,369174
567374,299830,198255,389864,790569,197846,719287
395168,177694,222974,193530,538475,172389,750297
263596,488822,864753,640943,398446,500835,27949
484725,914009,956850,417710,132687,828778,183377
608459,426062,162170,613717,737352,825219,465329
309142,729781,322663,244286,351722,277928,680162
372122,140334,374593,832276,10260,959751,456711
811379,787744,315511,102956,883270,862779,332851
943691,542276,390788,494230,701303,648884,50413
342949,783472,810679,967939,633501,197016,617513
541548,24824,15364,206566,789652,710344,21238
920792,974112,718924,750450,549345,739159,112110
613689,207433,809575,827421,236108,88214,924927
301689,651171,916166,983025,968874,71992,186742
273353,80209,298019,723153,827314,469283,592236
553753,463284,769278,144329,312072,640283,118976
444541,559040,878728,568142,375215,671509,538736
306551,764874,764695,234850,514395,934095,775472
509037,111462,190863,303827,335683,135355,479788
882875,797085,600692,554059,675176,601472,701532
224327,437716,411628,665621,665875,166344,627494
369476,125170,684227,74959,159606,772317,635434
451725,834468,334418,231954,519967,328846,612339
71810,136032,131572,553283,483500,995901,981725
751590,792272,803783,910023,868599,736623,869089
917262,139050,691962,37048,254678,911933,813442
647097,773028,29785,274338,145570,55528,579797
527537,172997,816913,923676,873736,10940,948493
275738,910778,750167,721249,680958,109214,987989
431824,825935,581320,434916,961665,720728,677428
449989,38977,105279,100284,250456,470114,616046
61630,121380,260886,747675,34302,778469,204615
99479,248513,22556,180603,838477,978165,568123
666654,523009,383615,82728,650055,426464,280050
170204,398735,90993,401318,142707,838807,829222
329136,166828,903064,837606,236865,155481,712274
813795,768944,74489,734718,217546,568147,776693
254585,932788,22542,960674,494201,761133,335740
980513,785457,53215,580561,416227,126759,516938
302973,507681,699366,109211,983993,444814,757016
699757,496249,64635,171930,853838,72934,492501
913687,646759,189974,315158,127692,687778,859324
